escopo_autuacao,mes,uf,amparo_legal,descricao_infracao,quantidade_autos,data_referencia
CMT - CAPACIDADE MÁXIMA DE TRAÇÃO,JANEIRO,ES,"LEI 9503/97 LEI 10561/02 RES. CONTRAN Nº 210/06, 211/06 E 258/07 E ALTERAÇÕES PORTARIA DENATRAN 63/09 E 59/07 E ALTERAÇÕES",TRANSITAR COM O VEÍCULO EXCEDENDO A CMT ACIMA DE 1000 KG,1,2020-01-01
CMT - CAPACIDADE MÁXIMA DE TRAÇÃO,JANEIRO,MG,"LEI 9503/97 LEI 10561/02 RES. CONTRAN Nº 210/06, 211/06 E 258/07 E ALTERAÇÕES PORTARIA DENATRAN 63/09 E 59/07 E ALTERAÇÕES",TRANSITAR COM O VEÍCULO EXCEDENDO A CMT EM ATÉ 600 KG,2,2020-01-01
CMT - CAPACIDADE MÁXIMA DE TRAÇÃO,JANEIRO,MG,"LEI 9503/97 LEI 10561/02 RES. CONTRAN Nº 210/06, 211/06 E 258/07 E ALTERAÇÕES PORTARIA DENATRAN 63/09 E 59/07 E ALTERAÇÕES",TRANSITAR COM O VEÍCULO EXCEDENDO A CMT ACIMA DE 1000 KG,3,2020-01-01
CMT - CAPACIDADE MÁXIMA DE TRAÇÃO,JANEIRO,MS,"LEI 9503/97 LEI 10561/02 RES. CONTRAN Nº 210/06, 211/06 E 258/07 E ALTERAÇÕES PORTARIA DENATRAN 63/09 E 59/07 E ALTERAÇÕES",TRANSITAR COM O VEÍCULO EXCEDENDO A CMT ACIMA DE 1000 KG,2,2020-01-01
CMT - CAPACIDADE MÁXIMA DE TRAÇÃO,JANEIRO,RJ,"LEI 9503/97 LEI 10561/02 RES. CONTRAN Nº 210/06, 211/06 E 258/07 E ALTERAÇÕES PORTARIA DENATRAN 63/09 E 59/07 E ALTERAÇÕES",TRANSITAR COM O VEÍCULO EXCEDENDO A CMT ENTRE 601 E 1000 KG,8,2020-01-01
CMT - CAPACIDADE MÁXIMA DE TRAÇÃO,JANEIRO,RJ,"LEI 9503/97 LEI 10561/02 RES. CONTRAN Nº 210/06, 211/06 E 258/07 E ALTERAÇÕES PORTARIA DENATRAN 63/09 E 59/07 E ALTERAÇÕES",TRANSITAR COM O VEÍCULO EXCEDENDO A CMT ACIMA DE 1000 KG,9,2020-01-01
CMT - CAPACIDADE MÁXIMA DE TRAÇÃO,JANEIRO,RJ,"LEI 9503/97 LEI 10561/02 RES. CONTRAN Nº 210/06, 211/06 E 258/07 E ALTERAÇÕES PORTARIA DENATRAN 63/09 E 59/07 E ALTERAÇÕES",TRANSITAR COM O VEÍCULO EXCEDENDO A CMT EM ATÉ 600 KG,12,2020-01-01
CMT - CAPACIDADE MÁXIMA DE TRAÇÃO,JANEIRO,SC,"LEI 9503/97 LEI 10561/02 RES. CONTRAN Nº 210/06, 211/06 E 258/07 E ALTERAÇÕES PORTARIA DENATRAN 63/09 E 59/07 E ALTERAÇÕES",TRANSITAR COM O VEÍCULO EXCEDENDO A CMT ACIMA DE 1000 KG,1,2020-01-01
EVASÃO DE BALANÇA,JANEIRO,ES,"LEI 9503 DE 23/09/1997 TRANSPOR, SEM AUTORIZAÇÃO, BLOQUEIO VIÁRIO COM OU SEM SINALIZAÇÃO OU DISPOSITIVOS AUXILIARES, DEIXAR DE ADENTRAR ÀS ÁREAS DESTINADAS À PESAGEM DE VEÍCULOS OU EVADIR-SE PARA NÃO EFETUAR O PAGAMENTO DO PEDÁGIO.",ART. 209 DEIXAR DE ADENTRAR AS ÁREAS DESTINADAS À PESAGEM DE VEÍCULOS,448,2020-01-01
EVASÃO DE BALANÇA,JANEIRO,RJ,"LEI 9503 DE 23/09/1997 TRANSPOR, SEM AUTORIZAÇÃO, BLOQUEIO VIÁRIO COM OU SEM SINALIZAÇÃO OU DISPOSITIVOS AUXILIARES, DEIXAR DE ADENTRAR ÀS ÁREAS DESTINADAS À PESAGEM DE VEÍCULOS OU EVADIR-SE PARA NÃO EFETUAR O PAGAMENTO DO PEDÁGIO.",ART. 209 DEIXAR DE ADENTRAR AS ÁREAS DESTINADAS À PESAGEM DE VEÍCULOS,2053,2020-01-01
EXCESSO DE PESO,JANEIRO,BA,"LEI 9503/97 LEI 10561/02 RES. CONTRAN Nº 210/06, 211/06 E 258/07 E ALTERAÇÕES PORTARIA DENATRAN 63/09 E 59/07 E ALTERAÇÕES",TRANSITAR COM O VEÍCULO COM EXCESSO DE PESO - PBT/PBTC,15,2020-01-01
EXCESSO DE PESO,JANEIRO,ES,"LEI 9503/97 LEI 10561/02 RES. CONTRAN Nº 210/06, 211/06 E 258/07 E ALTERAÇÕES PORTARIA DENATRAN 63/09 E 59/07 E ALTERAÇÕES",TRANSITAR COM O VEÍCULO COM EXCESSO DE PESO - PBT/PBTC,158,2020-01-01
EXCESSO DE PESO,JANEIRO,ES,"LEI 9503/97 LEI 10561/02 RES. CONTRAN Nº 210/06, 211/06 E 258/07 E ALTERAÇÕES PORTARIA DENATRAN 63/09 E 59/07 E ALTERAÇÕES",TRANSITAR COM O VEÍCULO COM EXCESSO DE PESO - PBT/PBTC E POR EIXO,184,2020-01-01
EXCESSO DE PESO,JANEIRO,ES,"LEI 9503/97 LEI 10561/02 RES. CONTRAN Nº 210/06, 211/06 E 258/07 E ALTERAÇÕES PORTARIA DENATRAN 63/09 E 59/07 E ALTERAÇÕES",TRANSITAR COM O VEÍCULO COM EXCESSO DE PESO - POR EIXO,1546,2020-01-01
EXCESSO DE PESO,JANEIRO,MG,"LEI 9503/97 LEI 10561/02 RES. CONTRAN Nº 210/06, 211/06 E 258/07 E ALTERAÇÕES PORTARIA DENATRAN 63/09 E 59/07 E ALTERAÇÕES",TRANSITAR COM O VEÍCULO COM EXCESSO DE PESO - PBT/PBTC,263,2020-01-01
EXCESSO DE PESO,JANEIRO,MG,"LEI 9503/97 LEI 10561/02 RES. CONTRAN Nº 210/06, 211/06 E 258/07 E ALTERAÇÕES PORTARIA DENATRAN 63/09 E 59/07 E ALTERAÇÕES",TRANSITAR COM O VEÍCULO COM EXCESSO DE PESO - PBT/PBTC E POR EIXO,341,2020-01-01
EXCESSO DE PESO,JANEIRO,MG,"LEI 9503/97 LEI 10561/02 RES. CONTRAN Nº 210/06, 211/06 E 258/07 E ALTERAÇÕES PORTARIA DENATRAN 63/09 E 59/07 E ALTERAÇÕES",TRANSITAR COM O VEÍCULO COM EXCESSO DE PESO - POR EIXO,2372,2020-01-01
EXCESSO DE PESO,JANEIRO,MS,"LEI 9503/97 LEI 10561/02 RES. CONTRAN Nº 210/06, 211/06 E 258/07 E ALTERAÇÕES PORTARIA DENATRAN 63/09 E 59/07 E ALTERAÇÕES",TRANSITAR COM O VEÍCULO COM EXCESSO DE PESO - PBT/PBTC,6,2020-01-01
EXCESSO DE PESO,JANEIRO,MS,"LEI 9503/97 LEI 10561/02 RES. CONTRAN Nº 210/06, 211/06 E 258/07 E ALTERAÇÕES PORTARIA DENATRAN 63/09 E 59/07 E ALTERAÇÕES",TRANSITAR COM O VEÍCULO COM EXCESSO DE PESO - PBT/PBTC E POR EIXO,28,2020-01-01
EXCESSO DE PESO,JANEIRO,MS,"LEI 9503/97 LEI 10561/02 RES. CONTRAN Nº 210/06, 211/06 E 258/07 E ALTERAÇÕES PORTARIA DENATRAN 63/09 E 59/07 E ALTERAÇÕES",TRANSITAR COM O VEÍCULO COM EXCESSO DE PESO - POR EIXO,89,2020-01-01
EXCESSO DE PESO,JANEIRO,MT,"LEI 9503/97 LEI 10561/02 RES. CONTRAN Nº 210/06, 211/06 E 258/07 E ALTERAÇÕES PORTARIA DENATRAN 63/09 E 59/07 E ALTERAÇÕES",TRANSITAR COM O VEÍCULO COM EXCESSO DE PESO - PBT/PBTC,9,2020-01-01
EXCESSO DE PESO,JANEIRO,MT,"LEI 9503/97 LEI 10561/02 RES. CONTRAN Nº 210/06, 211/06 E 258/07 E ALTERAÇÕES PORTARIA DENATRAN 63/09 E 59/07 E ALTERAÇÕES",TRANSITAR COM O VEÍCULO COM EXCESSO DE PESO - PBT/PBTC E POR EIXO,20,2020-01-01
EXCESSO DE PESO,JANEIRO,MT,"LEI 9503/97 LEI 10561/02 RES. CONTRAN Nº 210/06, 211/06 E 258/07 E ALTERAÇÕES PORTARIA DENATRAN 63/09 E 59/07 E ALTERAÇÕES",TRANSITAR COM O VEÍCULO COM EXCESSO DE PESO - POR EIXO,302,2020-01-01
EXCESSO DE PESO,JANEIRO,PR,"LEI 9503/97 LEI 10561/02 RES. CONTRAN Nº 210/06, 211/06 E 258/07 E ALTERAÇÕES PORTARIA DENATRAN 63/09 E 59/07 E ALTERAÇÕES",TRANSITAR COM O VEÍCULO COM EXCESSO DE PESO - PBT/PBTC E POR EIXO,84,2020-01-01
EXCESSO DE PESO,JANEIRO,PR,"LEI 9503/97 LEI 10561/02 RES. CONTRAN Nº 210/06, 211/06 E 258/07 E ALTERAÇÕES PORTARIA DENATRAN 63/09 E 59/07 E ALTERAÇÕES",TRANSITAR COM O VEÍCULO COM EXCESSO DE PESO - PBT/PBTC,96,2020-01-01
EXCESSO DE PESO,JANEIRO,PR,"LEI 9503/97 LEI 10561/02 RES. CONTRAN Nº 210/06, 211/06 E 258/07 E ALTERAÇÕES PORTARIA DENATRAN 63/09 E 59/07 E ALTERAÇÕES",TRANSITAR COM O VEÍCULO COM EXCESSO DE PESO - POR EIXO,767,2020-01-01
EXCESSO DE PESO,JANEIRO,RJ,"LEI 9503/97 LEI 10561/02 RES. CONTRAN Nº 210/06, 211/06 E 258/07 E ALTERAÇÕES PORTARIA DENATRAN 63/09 E 59/07 E ALTERAÇÕES",TRANSITAR COM O VEÍCULO COM EXCESSO DE PESO - PBT/PBTC,751,2020-01-01
EXCESSO DE PESO,JANEIRO,RJ,"LEI 9503/97 LEI 10561/02 RES. CONTRAN Nº 210/06, 211/06 E 258/07 E ALTERAÇÕES PORTARIA DENATRAN 63/09 E 59/07 E ALTERAÇÕES",TRANSITAR COM O VEÍCULO COM EXCESSO DE PESO - PBT/PBTC E POR EIXO,893,2020-01-01
EXCESSO DE PESO,JANEIRO,RJ,"LEI 9503/97 LEI 10561/02 RES. CONTRAN Nº 210/06, 211/06 E 258/07 E ALTERAÇÕES PORTARIA DENATRAN 63/09 E 59/07 E ALTERAÇÕES",TRANSITAR COM O VEÍCULO COM EXCESSO DE PESO - POR EIXO,3303,2020-01-01
EXCESSO DE PESO,JANEIRO,RS,"LEI 9503/97 LEI 10561/02 RES. CONTRAN Nº 210/06, 211/06 E 258/07 E ALTERAÇÕES PORTARIA DENATRAN 63/09 E 59/07 E ALTERAÇÕES",TRANSITAR COM O VEÍCULO COM EXCESSO DE PESO - PBT/PBTC,15,2020-01-01
EXCESSO DE PESO,JANEIRO,RS,"LEI 9503/97 LEI 10561/02 RES. CONTRAN Nº 210/06, 211/06 E 258/07 E ALTERAÇÕES PORTARIA DENATRAN 63/09 E 59/07 E ALTERAÇÕES",TRANSITAR COM O VEÍCULO COM EXCESSO DE PESO - PBT/PBTC E POR EIXO,18,2020-01-01
EXCESSO DE PESO,JANEIRO,RS,"LEI 9503/97 LEI 10561/02 RES. CONTRAN Nº 210/06, 211/06 E 258/07 E ALTERAÇÕES PORTARIA DENATRAN 63/09 E 59/07 E ALTERAÇÕES",TRANSITAR COM O VEÍCULO COM EXCESSO DE PESO - POR EIXO,251,2020-01-01
EXCESSO DE PESO,JANEIRO,SC,"LEI 9503/97 LEI 10561/02 RES. CONTRAN Nº 210/06, 211/06 E 258/07 E ALTERAÇÕES PORTARIA DENATRAN 63/09 E 59/07 E ALTERAÇÕES",TRANSITAR COM O VEÍCULO COM EXCESSO DE PESO - PBT/PBTC,159,2020-01-01
EXCESSO DE PESO,JANEIRO,SC,"LEI 9503/97 LEI 10561/02 RES. CONTRAN Nº 210/06, 211/06 E 258/07 E ALTERAÇÕES PORTARIA DENATRAN 63/09 E 59/07 E ALTERAÇÕES",TRANSITAR COM O VEÍCULO COM EXCESSO DE PESO - PBT/PBTC E POR EIXO,258,2020-01-01
EXCESSO DE PESO,JANEIRO,SC,"LEI 9503/97 LEI 10561/02 RES. CONTRAN Nº 210/06, 211/06 E 258/07 E ALTERAÇÕES PORTARIA DENATRAN 63/09 E 59/07 E ALTERAÇÕES",TRANSITAR COM O VEÍCULO COM EXCESSO DE PESO - POR EIXO,1674,2020-01-01
EXCESSO DE PESO,JANEIRO,SP,"LEI 9503/97 LEI 10561/02 RES. CONTRAN Nº 210/06, 211/06 E 258/07 E ALTERAÇÕES PORTARIA DENATRAN 63/09 E 59/07 E ALTERAÇÕES",TRANSITAR COM O VEÍCULO COM EXCESSO DE PESO - PBT/PBTC,115,2020-01-01
EXCESSO DE PESO,JANEIRO,SP,"LEI 9503/97 LEI 10561/02 RES. CONTRAN Nº 210/06, 211/06 E 258/07 E ALTERAÇÕES PORTARIA DENATRAN 63/09 E 59/07 E ALTERAÇÕES",TRANSITAR COM O VEÍCULO COM EXCESSO DE PESO - PBT/PBTC E POR EIXO,134,2020-01-01
EXCESSO DE PESO,JANEIRO,SP,"LEI 9503/97 LEI 10561/02 RES. CONTRAN Nº 210/06, 211/06 E 258/07 E ALTERAÇÕES PORTARIA DENATRAN 63/09 E 59/07 E ALTERAÇÕES",TRANSITAR COM O VEÍCULO COM EXCESSO DE PESO - POR EIXO,1621,2020-01-01
CMT - CAPACIDADE MÁXIMA DE TRAÇÃO,FEVEREIRO,ES,"LEI 9503/97 LEI 10561/02 RES. CONTRAN Nº 210/06, 211/06 E 258/07 E ALTERAÇÕES PORTARIA DENATRAN 63/09 E 59/07 E ALTERAÇÕES",TRANSITAR COM O VEÍCULO EXCEDENDO A CMT ACIMA DE 1000 KG,6,2020-02-01
CMT - CAPACIDADE MÁXIMA DE TRAÇÃO,FEVEREIRO,MG,"LEI 9503/97 LEI 10561/02 RES. CONTRAN Nº 210/06, 211/06 E 258/07 E ALTERAÇÕES PORTARIA DENATRAN 63/09 E 59/07 E ALTERAÇÕES",TRANSITAR COM O VEÍCULO EXCEDENDO A CMT EM ATÉ 600 KG,1,2020-02-01
CMT - CAPACIDADE MÁXIMA DE TRAÇÃO,FEVEREIRO,MG,"LEI 9503/97 LEI 10561/02 RES. CONTRAN Nº 210/06, 211/06 E 258/07 E ALTERAÇÕES PORTARIA DENATRAN 63/09 E 59/07 E ALTERAÇÕES",TRANSITAR COM O VEÍCULO EXCEDENDO A CMT ENTRE 601 E 1000 KG,1,2020-02-01
CMT - CAPACIDADE MÁXIMA DE TRAÇÃO,FEVEREIRO,MS,"LEI 9503/97 LEI 10561/02 RES. CONTRAN Nº 210/06, 211/06 E 258/07 E ALTERAÇÕES PORTARIA DENATRAN 63/09 E 59/07 E ALTERAÇÕES",TRANSITAR COM O VEÍCULO EXCEDENDO A CMT ACIMA DE 1000 KG,2,2020-02-01
CMT - CAPACIDADE MÁXIMA DE TRAÇÃO,FEVEREIRO,PR,"LEI 9503/97 LEI 10561/02 RES. CONTRAN Nº 210/06, 211/06 E 258/07 E ALTERAÇÕES PORTARIA DENATRAN 63/09 E 59/07 E ALTERAÇÕES",TRANSITAR COM O VEÍCULO EXCEDENDO A CMT EM ATÉ 600 KG,1,2020-02-01
CMT - CAPACIDADE MÁXIMA DE TRAÇÃO,FEVEREIRO,RJ,"LEI 9503/97 LEI 10561/02 RES. CONTRAN Nº 210/06, 211/06 E 258/07 E ALTERAÇÕES PORTARIA DENATRAN 63/09 E 59/07 E ALTERAÇÕES",TRANSITAR COM O VEÍCULO EXCEDENDO A CMT ENTRE 601 E 1000 KG,1,2020-02-01
CMT - CAPACIDADE MÁXIMA DE TRAÇÃO,FEVEREIRO,RJ,"LEI 9503/97 LEI 10561/02 RES. CONTRAN Nº 210/06, 211/06 E 258/07 E ALTERAÇÕES PORTARIA DENATRAN 63/09 E 59/07 E ALTERAÇÕES",TRANSITAR COM O VEÍCULO EXCEDENDO A CMT EM ATÉ 600 KG,7,2020-02-01
CMT - CAPACIDADE MÁXIMA DE TRAÇÃO,FEVEREIRO,RJ,"LEI 9503/97 LEI 10561/02 RES. CONTRAN Nº 210/06, 211/06 E 258/07 E ALTERAÇÕES PORTARIA DENATRAN 63/09 E 59/07 E ALTERAÇÕES",TRANSITAR COM O VEÍCULO EXCEDENDO A CMT ACIMA DE 1000 KG,11,2020-02-01
CMT - CAPACIDADE MÁXIMA DE TRAÇÃO,FEVEREIRO,RS,"LEI 9503/97 LEI 10561/02 RES. CONTRAN Nº 210/06, 211/06 E 258/07 E ALTERAÇÕES PORTARIA DENATRAN 63/09 E 59/07 E ALTERAÇÕES",TRANSITAR COM O VEÍCULO EXCEDENDO A CMT ENTRE 601 E 1000 KG,1,2020-02-01
EVASÃO DE BALANÇA,FEVEREIRO,ES,"LEI 9503 DE 23/09/1997 TRANSPOR, SEM AUTORIZAÇÃO, BLOQUEIO VIÁRIO COM OU SEM SINALIZAÇÃO OU DISPOSITIVOS AUXILIARES, DEIXAR DE ADENTRAR ÀS ÁREAS DESTINADAS À PESAGEM DE VEÍCULOS OU EVADIR-SE PARA NÃO EFETUAR O PAGAMENTO DO PEDÁGIO.",ART. 209 DEIXAR DE ADENTRAR AS ÁREAS DESTINADAS À PESAGEM DE VEÍCULOS,752,2020-02-01
EVASÃO DE BALANÇA,FEVEREIRO,RJ,"LEI 9503 DE 23/09/1997 TRANSPOR, SEM AUTORIZAÇÃO, BLOQUEIO VIÁRIO COM OU SEM SINALIZAÇÃO OU DISPOSITIVOS AUXILIARES, DEIXAR DE ADENTRAR ÀS ÁREAS DESTINADAS À PESAGEM DE VEÍCULOS OU EVADIR-SE PARA NÃO EFETUAR O PAGAMENTO DO PEDÁGIO.",ART. 209 DEIXAR DE ADENTRAR AS ÁREAS DESTINADAS À PESAGEM DE VEÍCULOS,1014,2020-02-01
EXCESSO DE PESO,FEVEREIRO,BA,"LEI 9503/97 LEI 10561/02 RES. CONTRAN Nº 210/06, 211/06 E 258/07 E ALTERAÇÕES PORTARIA DENATRAN 63/09 E 59/07 E ALTERAÇÕES",TRANSITAR COM O VEÍCULO COM EXCESSO DE PESO - PBT/PBTC,2,2020-02-01
EXCESSO DE PESO,FEVEREIRO,ES,"LEI 9503/97 LEI 10561/02 RES. CONTRAN Nº 210/06, 211/06 E 258/07 E ALTERAÇÕES PORTARIA DENATRAN 63/09 E 59/07 E ALTERAÇÕES",TRANSITAR COM O VEÍCULO COM EXCESSO DE PESO - PBT/PBTC,106,2020-02-01
EXCESSO DE PESO,FEVEREIRO,ES,"LEI 9503/97 LEI 10561/02 RES. CONTRAN Nº 210/06, 211/06 E 258/07 E ALTERAÇÕES PORTARIA DENATRAN 63/09 E 59/07 E ALTERAÇÕES",TRANSITAR COM O VEÍCULO COM EXCESSO DE PESO - PBT/PBTC E POR EIXO,156,2020-02-01
EXCESSO DE PESO,FEVEREIRO,ES,"LEI 9503/97 LEI 10561/02 RES. CONTRAN Nº 210/06, 211/06 E 258/07 E ALTERAÇÕES PORTARIA DENATRAN 63/09 E 59/07 E ALTERAÇÕES",TRANSITAR COM O VEÍCULO COM EXCESSO DE PESO - POR EIXO,1307,2020-02-01
EXCESSO DE PESO,FEVEREIRO,GO,"LEI 9503/97 LEI 10561/02 RES. CONTRAN Nº 210/06, 211/06 E 258/07 E ALTERAÇÕES PORTARIA DENATRAN 63/09 E 59/07 E ALTERAÇÕES",TRANSITAR COM O VEÍCULO COM EXCESSO DE PESO - PBT/PBTC,4,2020-02-01
EXCESSO DE PESO,FEVEREIRO,GO,"LEI 9503/97 LEI 10561/02 RES. CONTRAN Nº 210/06, 211/06 E 258/07 E ALTERAÇÕES PORTARIA DENATRAN 63/09 E 59/07 E ALTERAÇÕES",TRANSITAR COM O VEÍCULO COM EXCESSO DE PESO - PBT/PBTC E POR EIXO,8,2020-02-01
EXCESSO DE PESO,FEVEREIRO,GO,"LEI 9503/97 LEI 10561/02 RES. CONTRAN Nº 210/06, 211/06 E 258/07 E ALTERAÇÕES PORTARIA DENATRAN 63/09 E 59/07 E ALTERAÇÕES",TRANSITAR COM O VEÍCULO COM EXCESSO DE PESO - POR EIXO,54,2020-02-01
EXCESSO DE PESO,FEVEREIRO,MG,"LEI 9503/97 LEI 10561/02 RES. CONTRAN Nº 210/06, 211/06 E 258/07 E ALTERAÇÕES PORTARIA DENATRAN 63/09 E 59/07 E ALTERAÇÕES",TRANSITAR COM O VEÍCULO COM EXCESSO DE PESO - PBT/PBTC,121,2020-02-01
EXCESSO DE PESO,FEVEREIRO,MG,"LEI 9503/97 LEI 10561/02 RES. CONTRAN Nº 210/06, 211/06 E 258/07 E ALTERAÇÕES PORTARIA DENATRAN 63/09 E 59/07 E ALTERAÇÕES",TRANSITAR COM O VEÍCULO COM EXCESSO DE PESO - PBT/PBTC E POR EIXO,229,2020-02-01
EXCESSO DE PESO,FEVEREIRO,MG,"LEI 9503/97 LEI 10561/02 RES. CONTRAN Nº 210/06, 211/06 E 258/07 E ALTERAÇÕES PORTARIA DENATRAN 63/09 E 59/07 E ALTERAÇÕES",TRANSITAR COM O VEÍCULO COM EXCESSO DE PESO - POR EIXO,1616,2020-02-01
EXCESSO DE PESO,FEVEREIRO,MS,"LEI 9503/97 LEI 10561/02 RES. CONTRAN Nº 210/06, 211/06 E 258/07 E ALTERAÇÕES PORTARIA DENATRAN 63/09 E 59/07 E ALTERAÇÕES",TRANSITAR COM O VEÍCULO COM EXCESSO DE PESO - PBT/PBTC,6,2020-02-01
EXCESSO DE PESO,FEVEREIRO,MS,"LEI 9503/97 LEI 10561/02 RES. CONTRAN Nº 210/06, 211/06 E 258/07 E ALTERAÇÕES PORTARIA DENATRAN 63/09 E 59/07 E ALTERAÇÕES",TRANSITAR COM O VEÍCULO COM EXCESSO DE PESO - PBT/PBTC E POR EIXO,36,2020-02-01
EXCESSO DE PESO,FEVEREIRO,MS,"LEI 9503/97 LEI 10561/02 RES. CONTRAN Nº 210/06, 211/06 E 258/07 E ALTERAÇÕES PORTARIA DENATRAN 63/09 E 59/07 E ALTERAÇÕES",TRANSITAR COM O VEÍCULO COM EXCESSO DE PESO - POR EIXO,78,2020-02-01
EXCESSO DE PESO,FEVEREIRO,MT,"LEI 9503/97 LEI 10561/02 RES. CONTRAN Nº 210/06, 211/06 E 258/07 E ALTERAÇÕES PORTARIA DENATRAN 63/09 E 59/07 E ALTERAÇÕES",TRANSITAR COM O VEÍCULO COM EXCESSO DE PESO - PBT/PBTC E POR EIXO,21,2020-02-01
EXCESSO DE PESO,FEVEREIRO,MT,"LEI 9503/97 LEI 10561/02 RES. CONTRAN Nº 210/06, 211/06 E 258/07 E ALTERAÇÕES PORTARIA DENATRAN 63/09 E 59/07 E ALTERAÇÕES",TRANSITAR COM O VEÍCULO COM EXCESSO DE PESO - PBT/PBTC,22,2020-02-01
EXCESSO DE PESO,FEVEREIRO,MT,"LEI 9503/97 LEI 10561/02 RES. CONTRAN Nº 210/06, 211/06 E 258/07 E ALTERAÇÕES PORTARIA DENATRAN 63/09 E 59/07 E ALTERAÇÕES",TRANSITAR COM O VEÍCULO COM EXCESSO DE PESO - POR EIXO,342,2020-02-01
EXCESSO DE PESO,FEVEREIRO,PR,"LEI 9503/97 LEI 10561/02 RES. CONTRAN Nº 210/06, 211/06 E 258/07 E ALTERAÇÕES PORTARIA DENATRAN 63/09 E 59/07 E ALTERAÇÕES",TRANSITAR COM O VEÍCULO COM EXCESSO DE PESO - PBT/PBTC E POR EIXO,96,2020-02-01
EXCESSO DE PESO,FEVEREIRO,PR,"LEI 9503/97 LEI 10561/02 RES. CONTRAN Nº 210/06, 211/06 E 258/07 E ALTERAÇÕES PORTARIA DENATRAN 63/09 E 59/07 E ALTERAÇÕES",TRANSITAR COM O VEÍCULO COM EXCESSO DE PESO - PBT/PBTC,97,2020-02-01
EXCESSO DE PESO,FEVEREIRO,PR,"LEI 9503/97 LEI 10561/02 RES. CONTRAN Nº 210/06, 211/06 E 258/07 E ALTERAÇÕES PORTARIA DENATRAN 63/09 E 59/07 E ALTERAÇÕES",TRANSITAR COM O VEÍCULO COM EXCESSO DE PESO - POR EIXO,885,2020-02-01
EXCESSO DE PESO,FEVEREIRO,RJ,"LEI 9503/97 LEI 10561/02 RES. CONTRAN Nº 210/06, 211/06 E 258/07 E ALTERAÇÕES PORTARIA DENATRAN 63/09 E 59/07 E ALTERAÇÕES",TRANSITAR COM O VEÍCULO COM EXCESSO DE PESO - PBT/PBTC,542,2020-02-01
EXCESSO DE PESO,FEVEREIRO,RJ,"LEI 9503/97 LEI 10561/02 RES. CONTRAN Nº 210/06, 211/06 E 258/07 E ALTERAÇÕES PORTARIA DENATRAN 63/09 E 59/07 E ALTERAÇÕES",TRANSITAR COM O VEÍCULO COM EXCESSO DE PESO - PBT/PBTC E POR EIXO,700,2020-02-01
EXCESSO DE PESO,FEVEREIRO,RJ,"LEI 9503/97 LEI 10561/02 RES. CONTRAN Nº 210/06, 211/06 E 258/07 E ALTERAÇÕES PORTARIA DENATRAN 63/09 E 59/07 E ALTERAÇÕES",TRANSITAR COM O VEÍCULO COM EXCESSO DE PESO - POR EIXO,2739,2020-02-01
EXCESSO DE PESO,FEVEREIRO,RS,"LEI 9503/97 LEI 10561/02 RES. CONTRAN Nº 210/06, 211/06 E 258/07 E ALTERAÇÕES PORTARIA DENATRAN 63/09 E 59/07 E ALTERAÇÕES",TRANSITAR COM O VEÍCULO COM EXCESSO DE PESO - PBT/PBTC E POR EIXO,8,2020-02-01
EXCESSO DE PESO,FEVEREIRO,RS,"LEI 9503/97 LEI 10561/02 RES. CONTRAN Nº 210/06, 211/06 E 258/07 E ALTERAÇÕES PORTARIA DENATRAN 63/09 E 59/07 E ALTERAÇÕES",TRANSITAR COM O VEÍCULO COM EXCESSO DE PESO - PBT/PBTC,12,2020-02-01
EXCESSO DE PESO,FEVEREIRO,RS,"LEI 9503/97 LEI 10561/02 RES. CONTRAN Nº 210/06, 211/06 E 258/07 E ALTERAÇÕES PORTARIA DENATRAN 63/09 E 59/07 E ALTERAÇÕES",TRANSITAR COM O VEÍCULO COM EXCESSO DE PESO - POR EIXO,159,2020-02-01
EXCESSO DE PESO,FEVEREIRO,SC,"LEI 9503/97 LEI 10561/02 RES. CONTRAN Nº 210/06, 211/06 E 258/07 E ALTERAÇÕES PORTARIA DENATRAN 63/09 E 59/07 E ALTERAÇÕES",TRANSITAR COM O VEÍCULO COM EXCESSO DE PESO - PBT/PBTC,148,2020-02-01
EXCESSO DE PESO,FEVEREIRO,SC,"LEI 9503/97 LEI 10561/02 RES. CONTRAN Nº 210/06, 211/06 E 258/07 E ALTERAÇÕES PORTARIA DENATRAN 63/09 E 59/07 E ALTERAÇÕES",TRANSITAR COM O VEÍCULO COM EXCESSO DE PESO - PBT/PBTC E POR EIXO,249,2020-02-01
EXCESSO DE PESO,FEVEREIRO,SC,"LEI 9503/97 LEI 10561/02 RES. CONTRAN Nº 210/06, 211/06 E 258/07 E ALTERAÇÕES PORTARIA DENATRAN 63/09 E 59/07 E ALTERAÇÕES",TRANSITAR COM O VEÍCULO COM EXCESSO DE PESO - POR EIXO,1605,2020-02-01
EXCESSO DE PESO,FEVEREIRO,SP,"LEI 9503/97 LEI 10561/02 RES. CONTRAN Nº 210/06, 211/06 E 258/07 E ALTERAÇÕES PORTARIA DENATRAN 63/09 E 59/07 E ALTERAÇÕES",TRANSITAR COM O VEÍCULO COM EXCESSO DE PESO - PBT/PBTC E POR EIXO,95,2020-02-01
EXCESSO DE PESO,FEVEREIRO,SP,"LEI 9503/97 LEI 10561/02 RES. CONTRAN Nº 210/06, 211/06 E 258/07 E ALTERAÇÕES PORTARIA DENATRAN 63/09 E 59/07 E ALTERAÇÕES",TRANSITAR COM O VEÍCULO COM EXCESSO DE PESO - PBT/PBTC,97,2020-02-01
EXCESSO DE PESO,FEVEREIRO,SP,"LEI 9503/97 LEI 10561/02 RES. CONTRAN Nº 210/06, 211/06 E 258/07 E ALTERAÇÕES PORTARIA DENATRAN 63/09 E 59/07 E ALTERAÇÕES",TRANSITAR COM O VEÍCULO COM EXCESSO DE PESO - POR EIXO,1386,2020-02-01
CMT - CAPACIDADE MÁXIMA DE TRAÇÃO,MARÇO,ES,"LEI 9503/97 LEI 10561/02 RES. CONTRAN Nº 210/06, 211/06 E 258/07 E ALTERAÇÕES PORTARIA DENATRAN 63/09 E 59/07 E ALTERAÇÕES",TRANSITAR COM O VEÍCULO EXCEDENDO A CMT EM ATÉ 600 KG,2,2020-03-01
CMT - CAPACIDADE MÁXIMA DE TRAÇÃO,MARÇO,ES,"LEI 9503/97 LEI 10561/02 RES. CONTRAN Nº 210/06, 211/06 E 258/07 E ALTERAÇÕES PORTARIA DENATRAN 63/09 E 59/07 E ALTERAÇÕES",TRANSITAR COM O VEÍCULO EXCEDENDO A CMT ACIMA DE 1000 KG,5,2020-03-01
CMT - CAPACIDADE MÁXIMA DE TRAÇÃO,MARÇO,MG,"LEI 9503/97 LEI 10561/02 RES. CONTRAN Nº 210/06, 211/06 E 258/07 E ALTERAÇÕES PORTARIA DENATRAN 63/09 E 59/07 E ALTERAÇÕES",TRANSITAR COM O VEÍCULO EXCEDENDO A CMT EM ATÉ 600 KG,2,2020-03-01
CMT - CAPACIDADE MÁXIMA DE TRAÇÃO,MARÇO,MG,"LEI 9503/97 LEI 10561/02 RES. CONTRAN Nº 210/06, 211/06 E 258/07 E ALTERAÇÕES PORTARIA DENATRAN 63/09 E 59/07 E ALTERAÇÕES",TRANSITAR COM O VEÍCULO EXCEDENDO A CMT ACIMA DE 1000 KG,2,2020-03-01
CMT - CAPACIDADE MÁXIMA DE TRAÇÃO,MARÇO,MS,"LEI 9503/97 LEI 10561/02 RES. CONTRAN Nº 210/06, 211/06 E 258/07 E ALTERAÇÕES PORTARIA DENATRAN 63/09 E 59/07 E ALTERAÇÕES",TRANSITAR COM O VEÍCULO EXCEDENDO A CMT ACIMA DE 1000 KG,2,2020-03-01
CMT - CAPACIDADE MÁXIMA DE TRAÇÃO,MARÇO,RJ,"LEI 9503/97 LEI 10561/02 RES. CONTRAN Nº 210/06, 211/06 E 258/07 E ALTERAÇÕES PORTARIA DENATRAN 63/09 E 59/07 E ALTERAÇÕES",TRANSITAR COM O VEÍCULO EXCEDENDO A CMT ENTRE 601 E 1000 KG,1,2020-03-01
CMT - CAPACIDADE MÁXIMA DE TRAÇÃO,MARÇO,RJ,"LEI 9503/97 LEI 10561/02 RES. CONTRAN Nº 210/06, 211/06 E 258/07 E ALTERAÇÕES PORTARIA DENATRAN 63/09 E 59/07 E ALTERAÇÕES",TRANSITAR COM O VEÍCULO EXCEDENDO A CMT ACIMA DE 1000 KG,3,2020-03-01
CMT - CAPACIDADE MÁXIMA DE TRAÇÃO,MARÇO,RJ,"LEI 9503/97 LEI 10561/02 RES. CONTRAN Nº 210/06, 211/06 E 258/07 E ALTERAÇÕES PORTARIA DENATRAN 63/09 E 59/07 E ALTERAÇÕES",TRANSITAR COM O VEÍCULO EXCEDENDO A CMT EM ATÉ 600 KG,5,2020-03-01
EVASÃO DE BALANÇA,MARÇO,ES,"LEI 9503 DE 23/09/1997 TRANSPOR, SEM AUTORIZAÇÃO, BLOQUEIO VIÁRIO COM OU SEM SINALIZAÇÃO OU DISPOSITIVOS AUXILIARES, DEIXAR DE ADENTRAR ÀS ÁREAS DESTINADAS À PESAGEM DE VEÍCULOS OU EVADIR-SE PARA NÃO EFETUAR O PAGAMENTO DO PEDÁGIO.",ART. 209 DEIXAR DE ADENTRAR AS ÁREAS DESTINADAS À PESAGEM DE VEÍCULOS,450,2020-03-01
EVASÃO DE BALANÇA,MARÇO,RJ,"LEI 9503 DE 23/09/1997 TRANSPOR, SEM AUTORIZAÇÃO, BLOQUEIO VIÁRIO COM OU SEM SINALIZAÇÃO OU DISPOSITIVOS AUXILIARES, DEIXAR DE ADENTRAR ÀS ÁREAS DESTINADAS À PESAGEM DE VEÍCULOS OU EVADIR-SE PARA NÃO EFETUAR O PAGAMENTO DO PEDÁGIO.",ART. 209 DEIXAR DE ADENTRAR AS ÁREAS DESTINADAS À PESAGEM DE VEÍCULOS,1587,2020-03-01
EVASÃO DE BALANÇA,MARÇO,SC,"LEI 9503 DE 23/09/1997 TRANSPOR, SEM AUTORIZAÇÃO, BLOQUEIO VIÁRIO COM OU SEM SINALIZAÇÃO OU DISPOSITIVOS AUXILIARES, DEIXAR DE ADENTRAR ÀS ÁREAS DESTINADAS À PESAGEM DE VEÍCULOS OU EVADIR-SE PARA NÃO EFETUAR O PAGAMENTO DO PEDÁGIO.",ART. 209 DEIXAR DE ADENTRAR AS ÁREAS DESTINADAS À PESAGEM DE VEÍCULOS,3,2020-03-01
EXCESSO DE PESO,MARÇO,BA,"LEI 9503/97 LEI 10561/02 RES. CONTRAN Nº 210/06, 211/06 E 258/07 E ALTERAÇÕES PORTARIA DENATRAN 63/09 E 59/07 E ALTERAÇÕES",TRANSITAR COM O VEÍCULO COM EXCESSO DE PESO - PBT/PBTC,3,2020-03-01
EXCESSO DE PESO,MARÇO,ES,"LEI 9503/97 LEI 10561/02 RES. CONTRAN Nº 210/06, 211/06 E 258/07 E ALTERAÇÕES PORTARIA DENATRAN 63/09 E 59/07 E ALTERAÇÕES",TRANSITAR COM O VEÍCULO COM EXCESSO DE PESO - PBT/PBTC,82,2020-03-01
EXCESSO DE PESO,MARÇO,ES,"LEI 9503/97 LEI 10561/02 RES. CONTRAN Nº 210/06, 211/06 E 258/07 E ALTERAÇÕES PORTARIA DENATRAN 63/09 E 59/07 E ALTERAÇÕES",TRANSITAR COM O VEÍCULO COM EXCESSO DE PESO - PBT/PBTC E POR EIXO,124,2020-03-01
EXCESSO DE PESO,MARÇO,ES,"LEI 9503/97 LEI 10561/02 RES. CONTRAN Nº 210/06, 211/06 E 258/07 E ALTERAÇÕES PORTARIA DENATRAN 63/09 E 59/07 E ALTERAÇÕES",TRANSITAR COM O VEÍCULO COM EXCESSO DE PESO - POR EIXO,1166,2020-03-01
EXCESSO DE PESO,MARÇO,GO,"LEI 9503/97 LEI 10561/02 RES. CONTRAN Nº 210/06, 211/06 E 258/07 E ALTERAÇÕES PORTARIA DENATRAN 63/09 E 59/07 E ALTERAÇÕES",TRANSITAR COM O VEÍCULO COM EXCESSO DE PESO - PBT/PBTC,1,2020-03-01
EXCESSO DE PESO,MARÇO,GO,"LEI 9503/97 LEI 10561/02 RES. CONTRAN Nº 210/06, 211/06 E 258/07 E ALTERAÇÕES PORTARIA DENATRAN 63/09 E 59/07 E ALTERAÇÕES",TRANSITAR COM O VEÍCULO COM EXCESSO DE PESO - PBT/PBTC E POR EIXO,7,2020-03-01
EXCESSO DE PESO,MARÇO,GO,"LEI 9503/97 LEI 10561/02 RES. CONTRAN Nº 210/06, 211/06 E 258/07 E ALTERAÇÕES PORTARIA DENATRAN 63/09 E 59/07 E ALTERAÇÕES",TRANSITAR COM O VEÍCULO COM EXCESSO DE PESO - POR EIXO,44,2020-03-01
EXCESSO DE PESO,MARÇO,MG,"LEI 9503/97 LEI 10561/02 RES. CONTRAN Nº 210/06, 211/06 E 258/07 E ALTERAÇÕES PORTARIA DENATRAN 63/09 E 59/07 E ALTERAÇÕES",TRANSITAR COM O VEÍCULO COM EXCESSO DE PESO - PBT/PBTC,160,2020-03-01
EXCESSO DE PESO,MARÇO,MG,"LEI 9503/97 LEI 10561/02 RES. CONTRAN Nº 210/06, 211/06 E 258/07 E ALTERAÇÕES PORTARIA DENATRAN 63/09 E 59/07 E ALTERAÇÕES",TRANSITAR COM O VEÍCULO COM EXCESSO DE PESO - PBT/PBTC E POR EIXO,261,2020-03-01
EXCESSO DE PESO,MARÇO,MG,"LEI 9503/97 LEI 10561/02 RES. CONTRAN Nº 210/06, 211/06 E 258/07 E ALTERAÇÕES PORTARIA DENATRAN 63/09 E 59/07 E ALTERAÇÕES",TRANSITAR COM O VEÍCULO COM EXCESSO DE PESO - POR EIXO,1875,2020-03-01
EXCESSO DE PESO,MARÇO,MS,"LEI 9503/97 LEI 10561/02 RES. CONTRAN Nº 210/06, 211/06 E 258/07 E ALTERAÇÕES PORTARIA DENATRAN 63/09 E 59/07 E ALTERAÇÕES",TRANSITAR COM O VEÍCULO COM EXCESSO DE PESO - PBT/PBTC,2,2020-03-01
EXCESSO DE PESO,MARÇO,MS,"LEI 9503/97 LEI 10561/02 RES. CONTRAN Nº 210/06, 211/06 E 258/07 E ALTERAÇÕES PORTARIA DENATRAN 63/09 E 59/07 E ALTERAÇÕES",TRANSITAR COM O VEÍCULO COM EXCESSO DE PESO - PBT/PBTC E POR EIXO,13,2020-03-01
EXCESSO DE PESO,MARÇO,MS,"LEI 9503/97 LEI 10561/02 RES. CONTRAN Nº 210/06, 211/06 E 258/07 E ALTERAÇÕES PORTARIA DENATRAN 63/09 E 59/07 E ALTERAÇÕES",TRANSITAR COM O VEÍCULO COM EXCESSO DE PESO - POR EIXO,41,2020-03-01
EXCESSO DE PESO,MARÇO,MT,"LEI 9503/97 LEI 10561/02 RES. CONTRAN Nº 210/06, 211/06 E 258/07 E ALTERAÇÕES PORTARIA DENATRAN 63/09 E 59/07 E ALTERAÇÕES",TRANSITAR COM O VEÍCULO COM EXCESSO DE PESO - PBT/PBTC,15,2020-03-01
EXCESSO DE PESO,MARÇO,MT,"LEI 9503/97 LEI 10561/02 RES. CONTRAN Nº 210/06, 211/06 E 258/07 E ALTERAÇÕES PORTARIA DENATRAN 63/09 E 59/07 E ALTERAÇÕES",TRANSITAR COM O VEÍCULO COM EXCESSO DE PESO - PBT/PBTC E POR EIXO,41,2020-03-01
EXCESSO DE PESO,MARÇO,MT,"LEI 9503/97 LEI 10561/02 RES. CONTRAN Nº 210/06, 211/06 E 258/07 E ALTERAÇÕES PORTARIA DENATRAN 63/09 E 59/07 E ALTERAÇÕES",TRANSITAR COM O VEÍCULO COM EXCESSO DE PESO - POR EIXO,319,2020-03-01
EXCESSO DE PESO,MARÇO,PR,"LEI 9503/97 LEI 10561/02 RES. CONTRAN Nº 210/06, 211/06 E 258/07 E ALTERAÇÕES PORTARIA DENATRAN 63/09 E 59/07 E ALTERAÇÕES",TRANSITAR COM O VEÍCULO COM EXCESSO DE PESO - PBT/PBTC,39,2020-03-01
EXCESSO DE PESO,MARÇO,PR,"LEI 9503/97 LEI 10561/02 RES. CONTRAN Nº 210/06, 211/06 E 258/07 E ALTERAÇÕES PORTARIA DENATRAN 63/09 E 59/07 E ALTERAÇÕES",TRANSITAR COM O VEÍCULO COM EXCESSO DE PESO - PBT/PBTC E POR EIXO,49,2020-03-01
EXCESSO DE PESO,MARÇO,PR,"LEI 9503/97 LEI 10561/02 RES. CONTRAN Nº 210/06, 211/06 E 258/07 E ALTERAÇÕES PORTARIA DENATRAN 63/09 E 59/07 E ALTERAÇÕES",TRANSITAR COM O VEÍCULO COM EXCESSO DE PESO - POR EIXO,362,2020-03-01
EXCESSO DE PESO,MARÇO,RJ,"LEI 9503/97 LEI 10561/02 RES. CONTRAN Nº 210/06, 211/06 E 258/07 E ALTERAÇÕES PORTARIA DENATRAN 63/09 E 59/07 E ALTERAÇÕES",TRANSITAR COM O VEÍCULO COM EXCESSO DE PESO - PBT/PBTC,499,2020-03-01
EXCESSO DE PESO,MARÇO,RJ,"LEI 9503/97 LEI 10561/02 RES. CONTRAN Nº 210/06, 211/06 E 258/07 E ALTERAÇÕES PORTARIA DENATRAN 63/09 E 59/07 E ALTERAÇÕES",TRANSITAR COM O VEÍCULO COM EXCESSO DE PESO - PBT/PBTC E POR EIXO,541,2020-03-01
EXCESSO DE PESO,MARÇO,RJ,"LEI 9503/97 LEI 10561/02 RES. CONTRAN Nº 210/06, 211/06 E 258/07 E ALTERAÇÕES PORTARIA DENATRAN 63/09 E 59/07 E ALTERAÇÕES",TRANSITAR COM O VEÍCULO COM EXCESSO DE PESO - POR EIXO,2526,2020-03-01
EXCESSO DE PESO,MARÇO,RS,"LEI 9503/97 LEI 10561/02 RES. CONTRAN Nº 210/06, 211/06 E 258/07 E ALTERAÇÕES PORTARIA DENATRAN 63/09 E 59/07 E ALTERAÇÕES",TRANSITAR COM O VEÍCULO COM EXCESSO DE PESO - PBT/PBTC E POR EIXO,8,2020-03-01
EXCESSO DE PESO,MARÇO,RS,"LEI 9503/97 LEI 10561/02 RES. CONTRAN Nº 210/06, 211/06 E 258/07 E ALTERAÇÕES PORTARIA DENATRAN 63/09 E 59/07 E ALTERAÇÕES",TRANSITAR COM O VEÍCULO COM EXCESSO DE PESO - PBT/PBTC,9,2020-03-01
EXCESSO DE PESO,MARÇO,RS,"LEI 9503/97 LEI 10561/02 RES. CONTRAN Nº 210/06, 211/06 E 258/07 E ALTERAÇÕES PORTARIA DENATRAN 63/09 E 59/07 E ALTERAÇÕES",TRANSITAR COM O VEÍCULO COM EXCESSO DE PESO - POR EIXO,130,2020-03-01
EXCESSO DE PESO,MARÇO,SC,"LEI 9503/97 LEI 10561/02 RES. CONTRAN Nº 210/06, 211/06 E 258/07 E ALTERAÇÕES PORTARIA DENATRAN 63/09 E 59/07 E ALTERAÇÕES",TRANSITAR COM O VEÍCULO COM EXCESSO DE PESO - PBT/PBTC,76,2020-03-01
EXCESSO DE PESO,MARÇO,SC,"LEI 9503/97 LEI 10561/02 RES. CONTRAN Nº 210/06, 211/06 E 258/07 E ALTERAÇÕES PORTARIA DENATRAN 63/09 E 59/07 E ALTERAÇÕES",TRANSITAR COM O VEÍCULO COM EXCESSO DE PESO - PBT/PBTC E POR EIXO,135,2020-03-01
EXCESSO DE PESO,MARÇO,SC,"LEI 9503/97 LEI 10561/02 RES. CONTRAN Nº 210/06, 211/06 E 258/07 E ALTERAÇÕES PORTARIA DENATRAN 63/09 E 59/07 E ALTERAÇÕES",TRANSITAR COM O VEÍCULO COM EXCESSO DE PESO - POR EIXO,1003,2020-03-01
EXCESSO DE PESO,MARÇO,SP,"LEI 9503/97 LEI 10561/02 RES. CONTRAN Nº 210/06, 211/06 E 258/07 E ALTERAÇÕES PORTARIA DENATRAN 63/09 E 59/07 E ALTERAÇÕES",TRANSITAR COM O VEÍCULO COM EXCESSO DE PESO - PBT/PBTC,64,2020-03-01
EXCESSO DE PESO,MARÇO,SP,"LEI 9503/97 LEI 10561/02 RES. CONTRAN Nº 210/06, 211/06 E 258/07 E ALTERAÇÕES PORTARIA DENATRAN 63/09 E 59/07 E ALTERAÇÕES",TRANSITAR COM O VEÍCULO COM EXCESSO DE PESO - PBT/PBTC E POR EIXO,65,2020-03-01
EXCESSO DE PESO,MARÇO,SP,"LEI 9503/97 LEI 10561/02 RES. CONTRAN Nº 210/06, 211/06 E 258/07 E ALTERAÇÕES PORTARIA DENATRAN 63/09 E 59/07 E ALTERAÇÕES",TRANSITAR COM O VEÍCULO COM EXCESSO DE PESO - POR EIXO,1071,2020-03-01
CMT - CAPACIDADE MÁXIMA DE TRAÇÃO,ABRIL,RJ,"LEI 9503/97 LEI 10561/02 RES. CONTRAN Nº 210/06, 211/06 E 258/07 E ALTERAÇÕES PORTARIA DENATRAN 63/09 E 59/07 E ALTERAÇÕES",TRANSITAR COM O VEÍCULO EXCEDENDO A CMT EM ATÉ 600 KG,1,2020-04-01
EVASÃO DE BALANÇA,ABRIL,ES,"LEI 9503 DE 23/09/1997 TRANSPOR, SEM AUTORIZAÇÃO, BLOQUEIO VIÁRIO COM OU SEM SINALIZAÇÃO OU DISPOSITIVOS AUXILIARES, DEIXAR DE ADENTRAR ÀS ÁREAS DESTINADAS À PESAGEM DE VEÍCULOS OU EVADIR-SE PARA NÃO EFETUAR O PAGAMENTO DO PEDÁGIO.",ART. 209 DEIXAR DE ADENTRAR AS ÁREAS DESTINADAS À PESAGEM DE VEÍCULOS,105,2020-04-01
EVASÃO DE BALANÇA,ABRIL,RJ,"LEI 9503 DE 23/09/1997 TRANSPOR, SEM AUTORIZAÇÃO, BLOQUEIO VIÁRIO COM OU SEM SINALIZAÇÃO OU DISPOSITIVOS AUXILIARES, DEIXAR DE ADENTRAR ÀS ÁREAS DESTINADAS À PESAGEM DE VEÍCULOS OU EVADIR-SE PARA NÃO EFETUAR O PAGAMENTO DO PEDÁGIO.",ART. 209 DEIXAR DE ADENTRAR AS ÁREAS DESTINADAS À PESAGEM DE VEÍCULOS,868,2020-04-01
EXCESSO DE PESO,ABRIL,ES,"LEI 9503/97 LEI 10561/02 RES. CONTRAN Nº 210/06, 211/06 E 258/07 E ALTERAÇÕES PORTARIA DENATRAN 63/09 E 59/07 E ALTERAÇÕES",TRANSITAR COM O VEÍCULO COM EXCESSO DE PESO - PBT/PBTC,2,2020-04-01
EXCESSO DE PESO,ABRIL,ES,"LEI 9503/97 LEI 10561/02 RES. CONTRAN Nº 210/06, 211/06 E 258/07 E ALTERAÇÕES PORTARIA DENATRAN 63/09 E 59/07 E ALTERAÇÕES",TRANSITAR COM O VEÍCULO COM EXCESSO DE PESO - PBT/PBTC E POR EIXO,5,2020-04-01
EXCESSO DE PESO,ABRIL,ES,"LEI 9503/97 LEI 10561/02 RES. CONTRAN Nº 210/06, 211/06 E 258/07 E ALTERAÇÕES PORTARIA DENATRAN 63/09 E 59/07 E ALTERAÇÕES",TRANSITAR COM O VEÍCULO COM EXCESSO DE PESO - POR EIXO,10,2020-04-01
EXCESSO DE PESO,ABRIL,MG,"LEI 9503/97 LEI 10561/02 RES. CONTRAN Nº 210/06, 211/06 E 258/07 E ALTERAÇÕES PORTARIA DENATRAN 63/09 E 59/07 E ALTERAÇÕES",TRANSITAR COM O VEÍCULO COM EXCESSO DE PESO - POR EIXO,2,2020-04-01
EXCESSO DE PESO,ABRIL,RJ,"LEI 9503/97 LEI 10561/02 RES. CONTRAN Nº 210/06, 211/06 E 258/07 E ALTERAÇÕES PORTARIA DENATRAN 63/09 E 59/07 E ALTERAÇÕES",TRANSITAR COM O VEÍCULO COM EXCESSO DE PESO - PBT/PBTC,3,2020-04-01
EXCESSO DE PESO,ABRIL,RJ,"LEI 9503/97 LEI 10561/02 RES. CONTRAN Nº 210/06, 211/06 E 258/07 E ALTERAÇÕES PORTARIA DENATRAN 63/09 E 59/07 E ALTERAÇÕES",TRANSITAR COM O VEÍCULO COM EXCESSO DE PESO - POR EIXO,12,2020-04-01
EXCESSO DE PESO,ABRIL,SC,"LEI 9503/97 LEI 10561/02 RES. CONTRAN Nº 210/06, 211/06 E 258/07 E ALTERAÇÕES PORTARIA DENATRAN 63/09 E 59/07 E ALTERAÇÕES",TRANSITAR COM O VEÍCULO COM EXCESSO DE PESO - POR EIXO,1,2020-04-01
EVASÃO DE BALANÇA,MAIO,ES,"LEI 9503 DE 23/09/1997 TRANSPOR, SEM AUTORIZAÇÃO, BLOQUEIO VIÁRIO COM OU SEM SINALIZAÇÃO OU DISPOSITIVOS AUXILIARES, DEIXAR DE ADENTRAR ÀS ÁREAS DESTINADAS À PESAGEM DE VEÍCULOS OU EVADIR-SE PARA NÃO EFETUAR O PAGAMENTO DO PEDÁGIO.",ART. 209 DEIXAR DE ADENTRAR AS ÁREAS DESTINADAS À PESAGEM DE VEÍCULOS,252,2020-05-01
EVASÃO DE BALANÇA,MAIO,RJ,"LEI 9503 DE 23/09/1997 TRANSPOR, SEM AUTORIZAÇÃO, BLOQUEIO VIÁRIO COM OU SEM SINALIZAÇÃO OU DISPOSITIVOS AUXILIARES, DEIXAR DE ADENTRAR ÀS ÁREAS DESTINADAS À PESAGEM DE VEÍCULOS OU EVADIR-SE PARA NÃO EFETUAR O PAGAMENTO DO PEDÁGIO.",ART. 209 DEIXAR DE ADENTRAR AS ÁREAS DESTINADAS À PESAGEM DE VEÍCULOS,239,2020-05-01
EXCESSO DE PESO,MAIO,RJ,"LEI 9503/97 LEI 10561/02 RES. CONTRAN Nº 210/06, 211/06 E 258/07 E ALTERAÇÕES PORTARIA DENATRAN 63/09 E 59/07 E ALTERAÇÕES",TRANSITAR COM O VEÍCULO COM EXCESSO DE PESO - POR EIXO,1,2020-05-01
EXCESSO DE PESO,MAIO,RJ,"LEI 9503/97 LEI 10561/02 RES. CONTRAN Nº 210/06, 211/06 E 258/07 E ALTERAÇÕES PORTARIA DENATRAN 63/09 E 59/07 E ALTERAÇÕES",TRANSITAR COM O VEÍCULO COM EXCESSO DE PESO - PBT/PBTC E POR EIXO,1,2020-05-01
EVASÃO DE BALANÇA,JUNHO,ES,"LEI 9503 DE 23/09/1997 TRANSPOR, SEM AUTORIZAÇÃO, BLOQUEIO VIÁRIO COM OU SEM SINALIZAÇÃO OU DISPOSITIVOS AUXILIARES, DEIXAR DE ADENTRAR ÀS ÁREAS DESTINADAS À PESAGEM DE VEÍCULOS OU EVADIR-SE PARA NÃO EFETUAR O PAGAMENTO DO PEDÁGIO.",ART. 209 DEIXAR DE ADENTRAR AS ÁREAS DESTINADAS À PESAGEM DE VEÍCULOS,387,2020-06-01
EVASÃO DE BALANÇA,JUNHO,RJ,"LEI 9503 DE 23/09/1997 TRANSPOR, SEM AUTORIZAÇÃO, BLOQUEIO VIÁRIO COM OU SEM SINALIZAÇÃO OU DISPOSITIVOS AUXILIARES, DEIXAR DE ADENTRAR ÀS ÁREAS DESTINADAS À PESAGEM DE VEÍCULOS OU EVADIR-SE PARA NÃO EFETUAR O PAGAMENTO DO PEDÁGIO.",ART. 209 DEIXAR DE ADENTRAR AS ÁREAS DESTINADAS À PESAGEM DE VEÍCULOS,172,2020-06-01
CMT - CAPACIDADE MÁXIMA DE TRAÇÃO,JULHO,MG,"LEI 9503/97 LEI 10561/02 RES. CONTRAN Nº 210/06, 211/06 E 258/07 E ALTERAÇÕES PORTARIA DENATRAN 63/09 E 59/07 E ALTERAÇÕES",TRANSITAR COM O VEÍCULO EXCEDENDO A CMT ACIMA DE 1000 KG,4,2020-07-01
CMT - CAPACIDADE MÁXIMA DE TRAÇÃO,JULHO,RJ,"LEI 9503/97 LEI 10561/02 RES. CONTRAN Nº 210/06, 211/06 E 258/07 E ALTERAÇÕES PORTARIA DENATRAN 63/09 E 59/07 E ALTERAÇÕES",TRANSITAR COM O VEÍCULO EXCEDENDO A CMT ACIMA DE 1000 KG,4,2020-07-01
CMT - CAPACIDADE MÁXIMA DE TRAÇÃO,JULHO,RS,"LEI 9503/97 LEI 10561/02 RES. CONTRAN Nº 210/06, 211/06 E 258/07 E ALTERAÇÕES PORTARIA DENATRAN 63/09 E 59/07 E ALTERAÇÕES",TRANSITAR COM O VEÍCULO EXCEDENDO A CMT ACIMA DE 1000 KG,1,2020-07-01
CMT - CAPACIDADE MÁXIMA DE TRAÇÃO,JULHO,SC,"LEI 9503/97 LEI 10561/02 RES. CONTRAN Nº 210/06, 211/06 E 258/07 E ALTERAÇÕES PORTARIA DENATRAN 63/09 E 59/07 E ALTERAÇÕES",TRANSITAR COM O VEÍCULO EXCEDENDO A CMT ACIMA DE 1000 KG,1,2020-07-01
CMT - CAPACIDADE MÁXIMA DE TRAÇÃO,JULHO,SP,"LEI 9503/97 LEI 10561/02 RES. CONTRAN Nº 210/06, 211/06 E 258/07 E ALTERAÇÕES PORTARIA DENATRAN 63/09 E 59/07 E ALTERAÇÕES",TRANSITAR COM O VEÍCULO EXCEDENDO A CMT ACIMA DE 1000 KG,4,2020-07-01
EVASÃO DE BALANÇA,JULHO,ES,"LEI 9503 DE 23/09/1997 TRANSPOR, SEM AUTORIZAÇÃO, BLOQUEIO VIÁRIO COM OU SEM SINALIZAÇÃO OU DISPOSITIVOS AUXILIARES, DEIXAR DE ADENTRAR ÀS ÁREAS DESTINADAS À PESAGEM DE VEÍCULOS OU EVADIR-SE PARA NÃO EFETUAR O PAGAMENTO DO PEDÁGIO.",ART. 209 DEIXAR DE ADENTRAR AS ÁREAS DESTINADAS À PESAGEM DE VEÍCULOS,100,2020-07-01
EVASÃO DE BALANÇA,JULHO,RJ,"LEI 9503 DE 23/09/1997 TRANSPOR, SEM AUTORIZAÇÃO, BLOQUEIO VIÁRIO COM OU SEM SINALIZAÇÃO OU DISPOSITIVOS AUXILIARES, DEIXAR DE ADENTRAR ÀS ÁREAS DESTINADAS À PESAGEM DE VEÍCULOS OU EVADIR-SE PARA NÃO EFETUAR O PAGAMENTO DO PEDÁGIO.",ART. 209 DEIXAR DE ADENTRAR AS ÁREAS DESTINADAS À PESAGEM DE VEÍCULOS,358,2020-07-01
EXCESSO DE PESO,JULHO,ES,"LEI 9503/97 LEI 10561/02 RES. CONTRAN Nº 210/06, 211/06 E 258/07 E ALTERAÇÕES PORTARIA DENATRAN 63/09 E 59/07 E ALTERAÇÕES",TRANSITAR COM O VEÍCULO COM EXCESSO DE PESO - PBT/PBTC,54,2020-07-01
EXCESSO DE PESO,JULHO,ES,"LEI 9503/97 LEI 10561/02 RES. CONTRAN Nº 210/06, 211/06 E 258/07 E ALTERAÇÕES PORTARIA DENATRAN 63/09 E 59/07 E ALTERAÇÕES",TRANSITAR COM O VEÍCULO COM EXCESSO DE PESO - PBT/PBTC E POR EIXO,107,2020-07-01
EXCESSO DE PESO,JULHO,ES,"LEI 9503/97 LEI 10561/02 RES. CONTRAN Nº 210/06, 211/06 E 258/07 E ALTERAÇÕES PORTARIA DENATRAN 63/09 E 59/07 E ALTERAÇÕES",TRANSITAR COM O VEÍCULO COM EXCESSO DE PESO - POR EIXO,473,2020-07-01
EXCESSO DE PESO,JULHO,GO,"LEI 9503/97 LEI 10561/02 RES. CONTRAN Nº 210/06, 211/06 E 258/07 E ALTERAÇÕES PORTARIA DENATRAN 63/09 E 59/07 E ALTERAÇÕES",TRANSITAR COM O VEÍCULO COM EXCESSO DE PESO - PBT/PBTC,3,2020-07-01
EXCESSO DE PESO,JULHO,GO,"LEI 9503/97 LEI 10561/02 RES. CONTRAN Nº 210/06, 211/06 E 258/07 E ALTERAÇÕES PORTARIA DENATRAN 63/09 E 59/07 E ALTERAÇÕES",TRANSITAR COM O VEÍCULO COM EXCESSO DE PESO - PBT/PBTC E POR EIXO,16,2020-07-01
EXCESSO DE PESO,JULHO,GO,"LEI 9503/97 LEI 10561/02 RES. CONTRAN Nº 210/06, 211/06 E 258/07 E ALTERAÇÕES PORTARIA DENATRAN 63/09 E 59/07 E ALTERAÇÕES",TRANSITAR COM O VEÍCULO COM EXCESSO DE PESO - POR EIXO,61,2020-07-01
EXCESSO DE PESO,JULHO,MG,"LEI 9503/97 LEI 10561/02 RES. CONTRAN Nº 210/06, 211/06 E 258/07 E ALTERAÇÕES PORTARIA DENATRAN 63/09 E 59/07 E ALTERAÇÕES",TRANSITAR COM O VEÍCULO COM EXCESSO DE PESO - PBT/PBTC,56,2020-07-01
EXCESSO DE PESO,JULHO,MG,"LEI 9503/97 LEI 10561/02 RES. CONTRAN Nº 210/06, 211/06 E 258/07 E ALTERAÇÕES PORTARIA DENATRAN 63/09 E 59/07 E ALTERAÇÕES",TRANSITAR COM O VEÍCULO COM EXCESSO DE PESO - PBT/PBTC E POR EIXO,184,2020-07-01
EXCESSO DE PESO,JULHO,MG,"LEI 9503/97 LEI 10561/02 RES. CONTRAN Nº 210/06, 211/06 E 258/07 E ALTERAÇÕES PORTARIA DENATRAN 63/09 E 59/07 E ALTERAÇÕES",TRANSITAR COM O VEÍCULO COM EXCESSO DE PESO - POR EIXO,822,2020-07-01
EXCESSO DE PESO,JULHO,RJ,"LEI 9503/97 LEI 10561/02 RES. CONTRAN Nº 210/06, 211/06 E 258/07 E ALTERAÇÕES PORTARIA DENATRAN 63/09 E 59/07 E ALTERAÇÕES",TRANSITAR COM O VEÍCULO COM EXCESSO DE PESO - PBT/PBTC,180,2020-07-01
EXCESSO DE PESO,JULHO,RJ,"LEI 9503/97 LEI 10561/02 RES. CONTRAN Nº 210/06, 211/06 E 258/07 E ALTERAÇÕES PORTARIA DENATRAN 63/09 E 59/07 E ALTERAÇÕES",TRANSITAR COM O VEÍCULO COM EXCESSO DE PESO - PBT/PBTC E POR EIXO,362,2020-07-01
EXCESSO DE PESO,JULHO,RJ,"LEI 9503/97 LEI 10561/02 RES. CONTRAN Nº 210/06, 211/06 E 258/07 E ALTERAÇÕES PORTARIA DENATRAN 63/09 E 59/07 E ALTERAÇÕES",TRANSITAR COM O VEÍCULO COM EXCESSO DE PESO - POR EIXO,2175,2020-07-01
EXCESSO DE PESO,JULHO,RS,"LEI 9503/97 LEI 10561/02 RES. CONTRAN Nº 210/06, 211/06 E 258/07 E ALTERAÇÕES PORTARIA DENATRAN 63/09 E 59/07 E ALTERAÇÕES",TRANSITAR COM O VEÍCULO COM EXCESSO DE PESO - PBT/PBTC,72,2020-07-01
EXCESSO DE PESO,JULHO,RS,"LEI 9503/97 LEI 10561/02 RES. CONTRAN Nº 210/06, 211/06 E 258/07 E ALTERAÇÕES PORTARIA DENATRAN 63/09 E 59/07 E ALTERAÇÕES",TRANSITAR COM O VEÍCULO COM EXCESSO DE PESO - PBT/PBTC E POR EIXO,103,2020-07-01
EXCESSO DE PESO,JULHO,RS,"LEI 9503/97 LEI 10561/02 RES. CONTRAN Nº 210/06, 211/06 E 258/07 E ALTERAÇÕES PORTARIA DENATRAN 63/09 E 59/07 E ALTERAÇÕES",TRANSITAR COM O VEÍCULO COM EXCESSO DE PESO - POR EIXO,630,2020-07-01
EXCESSO DE PESO,JULHO,SC,"LEI 9503/97 LEI 10561/02 RES. CONTRAN Nº 210/06, 211/06 E 258/07 E ALTERAÇÕES PORTARIA DENATRAN 63/09 E 59/07 E ALTERAÇÕES",TRANSITAR COM O VEÍCULO COM EXCESSO DE PESO - PBT/PBTC,33,2020-07-01
EXCESSO DE PESO,JULHO,SC,"LEI 9503/97 LEI 10561/02 RES. CONTRAN Nº 210/06, 211/06 E 258/07 E ALTERAÇÕES PORTARIA DENATRAN 63/09 E 59/07 E ALTERAÇÕES",TRANSITAR COM O VEÍCULO COM EXCESSO DE PESO - PBT/PBTC E POR EIXO,118,2020-07-01
EXCESSO DE PESO,JULHO,SC,"LEI 9503/97 LEI 10561/02 RES. CONTRAN Nº 210/06, 211/06 E 258/07 E ALTERAÇÕES PORTARIA DENATRAN 63/09 E 59/07 E ALTERAÇÕES",TRANSITAR COM O VEÍCULO COM EXCESSO DE PESO - POR EIXO,387,2020-07-01
EXCESSO DE PESO,JULHO,SP,"LEI 9503/97 LEI 10561/02 RES. CONTRAN Nº 210/06, 211/06 E 258/07 E ALTERAÇÕES PORTARIA DENATRAN 63/09 E 59/07 E ALTERAÇÕES",TRANSITAR COM O VEÍCULO COM EXCESSO DE PESO - PBT/PBTC,136,2020-07-01
EXCESSO DE PESO,JULHO,SP,"LEI 9503/97 LEI 10561/02 RES. CONTRAN Nº 210/06, 211/06 E 258/07 E ALTERAÇÕES PORTARIA DENATRAN 63/09 E 59/07 E ALTERAÇÕES",TRANSITAR COM O VEÍCULO COM EXCESSO DE PESO - PBT/PBTC E POR EIXO,279,2020-07-01
EXCESSO DE PESO,JULHO,SP,"LEI 9503/97 LEI 10561/02 RES. CONTRAN Nº 210/06, 211/06 E 258/07 E ALTERAÇÕES PORTARIA DENATRAN 63/09 E 59/07 E ALTERAÇÕES",TRANSITAR COM O VEÍCULO COM EXCESSO DE PESO - POR EIXO,831,2020-07-01
CMT - CAPACIDADE MÁXIMA DE TRAÇÃO,AGOSTO,ES,"LEI 9503/97 LEI 10561/02 RES. CONTRAN Nº 210/06, 211/06 E 258/07 E ALTERAÇÕES PORTARIA DENATRAN 63/09 E 59/07 E ALTERAÇÕES",TRANSITAR COM O VEÍCULO EXCEDENDO A CMT ACIMA DE 1000 KG,1,2020-08-01
CMT - CAPACIDADE MÁXIMA DE TRAÇÃO,AGOSTO,MG,"LEI 9503/97 LEI 10561/02 RES. CONTRAN Nº 210/06, 211/06 E 258/07 E ALTERAÇÕES PORTARIA DENATRAN 63/09 E 59/07 E ALTERAÇÕES",TRANSITAR COM O VEÍCULO EXCEDENDO A CMT ACIMA DE 1000 KG,5,2020-08-01
CMT - CAPACIDADE MÁXIMA DE TRAÇÃO,AGOSTO,MS,"LEI 9503/97 LEI 10561/02 RES. CONTRAN Nº 210/06, 211/06 E 258/07 E ALTERAÇÕES PORTARIA DENATRAN 63/09 E 59/07 E ALTERAÇÕES",TRANSITAR COM O VEÍCULO EXCEDENDO A CMT ACIMA DE 1000 KG,2,2020-08-01
CMT - CAPACIDADE MÁXIMA DE TRAÇÃO,AGOSTO,RJ,"LEI 9503/97 LEI 10561/02 RES. CONTRAN Nº 210/06, 211/06 E 258/07 E ALTERAÇÕES PORTARIA DENATRAN 63/09 E 59/07 E ALTERAÇÕES",TRANSITAR COM O VEÍCULO EXCEDENDO A CMT ENTRE 601 E 1000 KG,2,2020-08-01
CMT - CAPACIDADE MÁXIMA DE TRAÇÃO,AGOSTO,RJ,"LEI 9503/97 LEI 10561/02 RES. CONTRAN Nº 210/06, 211/06 E 258/07 E ALTERAÇÕES PORTARIA DENATRAN 63/09 E 59/07 E ALTERAÇÕES",TRANSITAR COM O VEÍCULO EXCEDENDO A CMT EM ATÉ 600 KG,3,2020-08-01
CMT - CAPACIDADE MÁXIMA DE TRAÇÃO,AGOSTO,RJ,"LEI 9503/97 LEI 10561/02 RES. CONTRAN Nº 210/06, 211/06 E 258/07 E ALTERAÇÕES PORTARIA DENATRAN 63/09 E 59/07 E ALTERAÇÕES",TRANSITAR COM O VEÍCULO EXCEDENDO A CMT ACIMA DE 1000 KG,9,2020-08-01
CMT - CAPACIDADE MÁXIMA DE TRAÇÃO,AGOSTO,RS,"LEI 9503/97 LEI 10561/02 RES. CONTRAN Nº 210/06, 211/06 E 258/07 E ALTERAÇÕES PORTARIA DENATRAN 63/09 E 59/07 E ALTERAÇÕES",TRANSITAR COM O VEÍCULO EXCEDENDO A CMT ACIMA DE 1000 KG,1,2020-08-01
CMT - CAPACIDADE MÁXIMA DE TRAÇÃO,AGOSTO,SC,"LEI 9503/97 LEI 10561/02 RES. CONTRAN Nº 210/06, 211/06 E 258/07 E ALTERAÇÕES PORTARIA DENATRAN 63/09 E 59/07 E ALTERAÇÕES",TRANSITAR COM O VEÍCULO EXCEDENDO A CMT ACIMA DE 1000 KG,1,2020-08-01
EVASÃO DE BALANÇA,AGOSTO,ES,"LEI 9503 DE 23/09/1997 TRANSPOR, SEM AUTORIZAÇÃO, BLOQUEIO VIÁRIO COM OU SEM SINALIZAÇÃO OU DISPOSITIVOS AUXILIARES, DEIXAR DE ADENTRAR ÀS ÁREAS DESTINADAS À PESAGEM DE VEÍCULOS OU EVADIR-SE PARA NÃO EFETUAR O PAGAMENTO DO PEDÁGIO.",ART. 209 DEIXAR DE ADENTRAR AS ÁREAS DESTINADAS À PESAGEM DE VEÍCULOS,351,2020-08-01
EVASÃO DE BALANÇA,AGOSTO,RJ,"LEI 9503 DE 23/09/1997 TRANSPOR, SEM AUTORIZAÇÃO, BLOQUEIO VIÁRIO COM OU SEM SINALIZAÇÃO OU DISPOSITIVOS AUXILIARES, DEIXAR DE ADENTRAR ÀS ÁREAS DESTINADAS À PESAGEM DE VEÍCULOS OU EVADIR-SE PARA NÃO EFETUAR O PAGAMENTO DO PEDÁGIO.",ART. 209 DEIXAR DE ADENTRAR AS ÁREAS DESTINADAS À PESAGEM DE VEÍCULOS,3028,2020-08-01
EXCESSO DE PESO,AGOSTO,ES,"LEI 9503/97 LEI 10561/02 RES. CONTRAN Nº 210/06, 211/06 E 258/07 E ALTERAÇÕES PORTARIA DENATRAN 63/09 E 59/07 E ALTERAÇÕES",TRANSITAR COM O VEÍCULO COM EXCESSO DE PESO - PBT/PBTC,210,2020-08-01
EXCESSO DE PESO,AGOSTO,ES,"LEI 9503/97 LEI 10561/02 RES. CONTRAN Nº 210/06, 211/06 E 258/07 E ALTERAÇÕES PORTARIA DENATRAN 63/09 E 59/07 E ALTERAÇÕES",TRANSITAR COM O VEÍCULO COM EXCESSO DE PESO - PBT/PBTC E POR EIXO,262,2020-08-01
EXCESSO DE PESO,AGOSTO,ES,"LEI 9503/97 LEI 10561/02 RES. CONTRAN Nº 210/06, 211/06 E 258/07 E ALTERAÇÕES PORTARIA DENATRAN 63/09 E 59/07 E ALTERAÇÕES",TRANSITAR COM O VEÍCULO COM EXCESSO DE PESO - POR EIXO,2194,2020-08-01
EXCESSO DE PESO,AGOSTO,GO,"LEI 9503/97 LEI 10561/02 RES. CONTRAN Nº 210/06, 211/06 E 258/07 E ALTERAÇÕES PORTARIA DENATRAN 63/09 E 59/07 E ALTERAÇÕES",TRANSITAR COM O VEÍCULO COM EXCESSO DE PESO - POR EIXO,1,2020-08-01
EXCESSO DE PESO,AGOSTO,MG,"LEI 9503/97 LEI 10561/02 RES. CONTRAN Nº 210/06, 211/06 E 258/07 E ALTERAÇÕES PORTARIA DENATRAN 63/09 E 59/07 E ALTERAÇÕES",TRANSITAR COM O VEÍCULO COM EXCESSO DE PESO - PBT/PBTC,146,2020-08-01
EXCESSO DE PESO,AGOSTO,MG,"LEI 9503/97 LEI 10561/02 RES. CONTRAN Nº 210/06, 211/06 E 258/07 E ALTERAÇÕES PORTARIA DENATRAN 63/09 E 59/07 E ALTERAÇÕES",TRANSITAR COM O VEÍCULO COM EXCESSO DE PESO - PBT/PBTC E POR EIXO,349,2020-08-01
EXCESSO DE PESO,AGOSTO,MG,"LEI 9503/97 LEI 10561/02 RES. CONTRAN Nº 210/06, 211/06 E 258/07 E ALTERAÇÕES PORTARIA DENATRAN 63/09 E 59/07 E ALTERAÇÕES",TRANSITAR COM O VEÍCULO COM EXCESSO DE PESO - POR EIXO,1805,2020-08-01
EXCESSO DE PESO,AGOSTO,MS,"LEI 9503/97 LEI 10561/02 RES. CONTRAN Nº 210/06, 211/06 E 258/07 E ALTERAÇÕES PORTARIA DENATRAN 63/09 E 59/07 E ALTERAÇÕES",TRANSITAR COM O VEÍCULO COM EXCESSO DE PESO - PBT/PBTC,8,2020-08-01
EXCESSO DE PESO,AGOSTO,MS,"LEI 9503/97 LEI 10561/02 RES. CONTRAN Nº 210/06, 211/06 E 258/07 E ALTERAÇÕES PORTARIA DENATRAN 63/09 E 59/07 E ALTERAÇÕES",TRANSITAR COM O VEÍCULO COM EXCESSO DE PESO - PBT/PBTC E POR EIXO,49,2020-08-01
EXCESSO DE PESO,AGOSTO,MS,"LEI 9503/97 LEI 10561/02 RES. CONTRAN Nº 210/06, 211/06 E 258/07 E ALTERAÇÕES PORTARIA DENATRAN 63/09 E 59/07 E ALTERAÇÕES",TRANSITAR COM O VEÍCULO COM EXCESSO DE PESO - POR EIXO,81,2020-08-01
EXCESSO DE PESO,AGOSTO,RJ,"LEI 9503/97 LEI 10561/02 RES. CONTRAN Nº 210/06, 211/06 E 258/07 E ALTERAÇÕES PORTARIA DENATRAN 63/09 E 59/07 E ALTERAÇÕES",TRANSITAR COM O VEÍCULO COM EXCESSO DE PESO - PBT/PBTC,468,2020-08-01
EXCESSO DE PESO,AGOSTO,RJ,"LEI 9503/97 LEI 10561/02 RES. CONTRAN Nº 210/06, 211/06 E 258/07 E ALTERAÇÕES PORTARIA DENATRAN 63/09 E 59/07 E ALTERAÇÕES",TRANSITAR COM O VEÍCULO COM EXCESSO DE PESO - PBT/PBTC E POR EIXO,563,2020-08-01
EXCESSO DE PESO,AGOSTO,RJ,"LEI 9503/97 LEI 10561/02 RES. CONTRAN Nº 210/06, 211/06 E 258/07 E ALTERAÇÕES PORTARIA DENATRAN 63/09 E 59/07 E ALTERAÇÕES",TRANSITAR COM O VEÍCULO COM EXCESSO DE PESO - POR EIXO,4226,2020-08-01
EXCESSO DE PESO,AGOSTO,RS,"LEI 9503/97 LEI 10561/02 RES. CONTRAN Nº 210/06, 211/06 E 258/07 E ALTERAÇÕES PORTARIA DENATRAN 63/09 E 59/07 E ALTERAÇÕES",TRANSITAR COM O VEÍCULO COM EXCESSO DE PESO - PBT/PBTC,99,2020-08-01
EXCESSO DE PESO,AGOSTO,RS,"LEI 9503/97 LEI 10561/02 RES. CONTRAN Nº 210/06, 211/06 E 258/07 E ALTERAÇÕES PORTARIA DENATRAN 63/09 E 59/07 E ALTERAÇÕES",TRANSITAR COM O VEÍCULO COM EXCESSO DE PESO - PBT/PBTC E POR EIXO,112,2020-08-01
EXCESSO DE PESO,AGOSTO,RS,"LEI 9503/97 LEI 10561/02 RES. CONTRAN Nº 210/06, 211/06 E 258/07 E ALTERAÇÕES PORTARIA DENATRAN 63/09 E 59/07 E ALTERAÇÕES",TRANSITAR COM O VEÍCULO COM EXCESSO DE PESO - POR EIXO,667,2020-08-01
EXCESSO DE PESO,AGOSTO,SC,"LEI 9503/97 LEI 10561/02 RES. CONTRAN Nº 210/06, 211/06 E 258/07 E ALTERAÇÕES PORTARIA DENATRAN 63/09 E 59/07 E ALTERAÇÕES",TRANSITAR COM O VEÍCULO COM EXCESSO DE PESO - PBT/PBTC,34,2020-08-01
EXCESSO DE PESO,AGOSTO,SC,"LEI 9503/97 LEI 10561/02 RES. CONTRAN Nº 210/06, 211/06 E 258/07 E ALTERAÇÕES PORTARIA DENATRAN 63/09 E 59/07 E ALTERAÇÕES",TRANSITAR COM O VEÍCULO COM EXCESSO DE PESO - PBT/PBTC E POR EIXO,76,2020-08-01
EXCESSO DE PESO,AGOSTO,SC,"LEI 9503/97 LEI 10561/02 RES. CONTRAN Nº 210/06, 211/06 E 258/07 E ALTERAÇÕES PORTARIA DENATRAN 63/09 E 59/07 E ALTERAÇÕES",TRANSITAR COM O VEÍCULO COM EXCESSO DE PESO - POR EIXO,407,2020-08-01
EXCESSO DE PESO,AGOSTO,SP,"LEI 9503/97 LEI 10561/02 RES. CONTRAN Nº 210/06, 211/06 E 258/07 E ALTERAÇÕES PORTARIA DENATRAN 63/09 E 59/07 E ALTERAÇÕES",TRANSITAR COM O VEÍCULO COM EXCESSO DE PESO - PBT/PBTC,47,2020-08-01
EXCESSO DE PESO,AGOSTO,SP,"LEI 9503/97 LEI 10561/02 RES. CONTRAN Nº 210/06, 211/06 E 258/07 E ALTERAÇÕES PORTARIA DENATRAN 63/09 E 59/07 E ALTERAÇÕES",TRANSITAR COM O VEÍCULO COM EXCESSO DE PESO - PBT/PBTC E POR EIXO,66,2020-08-01
EXCESSO DE PESO,AGOSTO,SP,"LEI 9503/97 LEI 10561/02 RES. CONTRAN Nº 210/06, 211/06 E 258/07 E ALTERAÇÕES PORTARIA DENATRAN 63/09 E 59/07 E ALTERAÇÕES",TRANSITAR COM O VEÍCULO COM EXCESSO DE PESO - POR EIXO,627,2020-08-01
CMT - CAPACIDADE MÁXIMA DE TRAÇÃO,SETEMBRO,ES,"LEI 9503/97 LEI 10561/02 RES. CONTRAN Nº 210/06, 211/06 E 258/07 E ALTERAÇÕES PORTARIA DENATRAN 63/09 E 59/07 E ALTERAÇÕES",TRANSITAR COM O VEÍCULO EXCEDENDO A CMT ACIMA DE 1000 KG,1,2020-09-01
CMT - CAPACIDADE MÁXIMA DE TRAÇÃO,SETEMBRO,MG,"LEI 9503/97 LEI 10561/02 RES. CONTRAN Nº 210/06, 211/06 E 258/07 E ALTERAÇÕES PORTARIA DENATRAN 63/09 E 59/07 E ALTERAÇÕES",TRANSITAR COM O VEÍCULO EXCEDENDO A CMT ACIMA DE 1000 KG,2,2020-09-01
CMT - CAPACIDADE MÁXIMA DE TRAÇÃO,SETEMBRO,MG,"LEI 9503/97 LEI 10561/02 RES. CONTRAN Nº 210/06, 211/06 E 258/07 E ALTERAÇÕES PORTARIA DENATRAN 63/09 E 59/07 E ALTERAÇÕES",TRANSITAR COM O VEÍCULO EXCEDENDO A CMT EM ATÉ 600 KG,2,2020-09-01
CMT - CAPACIDADE MÁXIMA DE TRAÇÃO,SETEMBRO,MS,"LEI 9503/97 LEI 10561/02 RES. CONTRAN Nº 210/06, 211/06 E 258/07 E ALTERAÇÕES PORTARIA DENATRAN 63/09 E 59/07 E ALTERAÇÕES",TRANSITAR COM O VEÍCULO EXCEDENDO A CMT EM ATÉ 600 KG,1,2020-09-01
CMT - CAPACIDADE MÁXIMA DE TRAÇÃO,SETEMBRO,MS,"LEI 9503/97 LEI 10561/02 RES. CONTRAN Nº 210/06, 211/06 E 258/07 E ALTERAÇÕES PORTARIA DENATRAN 63/09 E 59/07 E ALTERAÇÕES",TRANSITAR COM O VEÍCULO EXCEDENDO A CMT ACIMA DE 1000 KG,5,2020-09-01
CMT - CAPACIDADE MÁXIMA DE TRAÇÃO,SETEMBRO,RJ,"LEI 9503/97 LEI 10561/02 RES. CONTRAN Nº 210/06, 211/06 E 258/07 E ALTERAÇÕES PORTARIA DENATRAN 63/09 E 59/07 E ALTERAÇÕES",TRANSITAR COM O VEÍCULO EXCEDENDO A CMT ACIMA DE 1000 KG,2,2020-09-01
CMT - CAPACIDADE MÁXIMA DE TRAÇÃO,SETEMBRO,RJ,"LEI 9503/97 LEI 10561/02 RES. CONTRAN Nº 210/06, 211/06 E 258/07 E ALTERAÇÕES PORTARIA DENATRAN 63/09 E 59/07 E ALTERAÇÕES",TRANSITAR COM O VEÍCULO EXCEDENDO A CMT EM ATÉ 600 KG,4,2020-09-01
CMT - CAPACIDADE MÁXIMA DE TRAÇÃO,SETEMBRO,SP,"LEI 9503/97 LEI 10561/02 RES. CONTRAN Nº 210/06, 211/06 E 258/07 E ALTERAÇÕES PORTARIA DENATRAN 63/09 E 59/07 E ALTERAÇÕES",TRANSITAR COM O VEÍCULO EXCEDENDO A CMT ACIMA DE 1000 KG,1,2020-09-01
EVASÃO DE BALANÇA,SETEMBRO,ES,"LEI 9503 DE 23/09/1997 TRANSPOR, SEM AUTORIZAÇÃO, BLOQUEIO VIÁRIO COM OU SEM SINALIZAÇÃO OU DISPOSITIVOS AUXILIARES, DEIXAR DE ADENTRAR ÀS ÁREAS DESTINADAS À PESAGEM DE VEÍCULOS OU EVADIR-SE PARA NÃO EFETUAR O PAGAMENTO DO PEDÁGIO.",ART. 209 DEIXAR DE ADENTRAR AS ÁREAS DESTINADAS À PESAGEM DE VEÍCULOS,78,2020-09-01
EVASÃO DE BALANÇA,SETEMBRO,RJ,"LEI 9503 DE 23/09/1997 TRANSPOR, SEM AUTORIZAÇÃO, BLOQUEIO VIÁRIO COM OU SEM SINALIZAÇÃO OU DISPOSITIVOS AUXILIARES, DEIXAR DE ADENTRAR ÀS ÁREAS DESTINADAS À PESAGEM DE VEÍCULOS OU EVADIR-SE PARA NÃO EFETUAR O PAGAMENTO DO PEDÁGIO.",ART. 209 DEIXAR DE ADENTRAR AS ÁREAS DESTINADAS À PESAGEM DE VEÍCULOS,4920,2020-09-01
EVASÃO DE BALANÇA,SETEMBRO,SP,"LEI 9503 DE 23/09/1997 TRANSPOR, SEM AUTORIZAÇÃO, BLOQUEIO VIÁRIO COM OU SEM SINALIZAÇÃO OU DISPOSITIVOS AUXILIARES, DEIXAR DE ADENTRAR ÀS ÁREAS DESTINADAS À PESAGEM DE VEÍCULOS OU EVADIR-SE PARA NÃO EFETUAR O PAGAMENTO DO PEDÁGIO.",ART. 209 DEIXAR DE ADENTRAR AS ÁREAS DESTINADAS À PESAGEM DE VEÍCULOS,108,2020-09-01
EXCESSO DE PESO,SETEMBRO,ES,"LEI 9503/97 LEI 10561/02 RES. CONTRAN Nº 210/06, 211/06 E 258/07 E ALTERAÇÕES PORTARIA DENATRAN 63/09 E 59/07 E ALTERAÇÕES",TRANSITAR COM O VEÍCULO COM EXCESSO DE PESO - PBT/PBTC,147,2020-09-01
EXCESSO DE PESO,SETEMBRO,ES,"LEI 9503/97 LEI 10561/02 RES. CONTRAN Nº 210/06, 211/06 E 258/07 E ALTERAÇÕES PORTARIA DENATRAN 63/09 E 59/07 E ALTERAÇÕES",TRANSITAR COM O VEÍCULO COM EXCESSO DE PESO - PBT/PBTC E POR EIXO,263,2020-09-01
EXCESSO DE PESO,SETEMBRO,ES,"LEI 9503/97 LEI 10561/02 RES. CONTRAN Nº 210/06, 211/06 E 258/07 E ALTERAÇÕES PORTARIA DENATRAN 63/09 E 59/07 E ALTERAÇÕES",TRANSITAR COM O VEÍCULO COM EXCESSO DE PESO - POR EIXO,1897,2020-09-01
EXCESSO DE PESO,SETEMBRO,GO,"LEI 9503/97 LEI 10561/02 RES. CONTRAN Nº 210/06, 211/06 E 258/07 E ALTERAÇÕES PORTARIA DENATRAN 63/09 E 59/07 E ALTERAÇÕES",TRANSITAR COM O VEÍCULO COM EXCESSO DE PESO - PBT/PBTC,9,2020-09-01
EXCESSO DE PESO,SETEMBRO,GO,"LEI 9503/97 LEI 10561/02 RES. CONTRAN Nº 210/06, 211/06 E 258/07 E ALTERAÇÕES PORTARIA DENATRAN 63/09 E 59/07 E ALTERAÇÕES",TRANSITAR COM O VEÍCULO COM EXCESSO DE PESO - PBT/PBTC E POR EIXO,22,2020-09-01
EXCESSO DE PESO,SETEMBRO,GO,"LEI 9503/97 LEI 10561/02 RES. CONTRAN Nº 210/06, 211/06 E 258/07 E ALTERAÇÕES PORTARIA DENATRAN 63/09 E 59/07 E ALTERAÇÕES",TRANSITAR COM O VEÍCULO COM EXCESSO DE PESO - POR EIXO,114,2020-09-01
EXCESSO DE PESO,SETEMBRO,MG,"LEI 9503/97 LEI 10561/02 RES. CONTRAN Nº 210/06, 211/06 E 258/07 E ALTERAÇÕES PORTARIA DENATRAN 63/09 E 59/07 E ALTERAÇÕES",TRANSITAR COM O VEÍCULO COM EXCESSO DE PESO - PBT/PBTC,124,2020-09-01
EXCESSO DE PESO,SETEMBRO,MG,"LEI 9503/97 LEI 10561/02 RES. CONTRAN Nº 210/06, 211/06 E 258/07 E ALTERAÇÕES PORTARIA DENATRAN 63/09 E 59/07 E ALTERAÇÕES",TRANSITAR COM O VEÍCULO COM EXCESSO DE PESO - PBT/PBTC E POR EIXO,233,2020-09-01
EXCESSO DE PESO,SETEMBRO,MG,"LEI 9503/97 LEI 10561/02 RES. CONTRAN Nº 210/06, 211/06 E 258/07 E ALTERAÇÕES PORTARIA DENATRAN 63/09 E 59/07 E ALTERAÇÕES",TRANSITAR COM O VEÍCULO COM EXCESSO DE PESO - POR EIXO,1264,2020-09-01
EXCESSO DE PESO,SETEMBRO,MS,"LEI 9503/97 LEI 10561/02 RES. CONTRAN Nº 210/06, 211/06 E 258/07 E ALTERAÇÕES PORTARIA DENATRAN 63/09 E 59/07 E ALTERAÇÕES",TRANSITAR COM O VEÍCULO COM EXCESSO DE PESO - PBT/PBTC,13,2020-09-01
EXCESSO DE PESO,SETEMBRO,MS,"LEI 9503/97 LEI 10561/02 RES. CONTRAN Nº 210/06, 211/06 E 258/07 E ALTERAÇÕES PORTARIA DENATRAN 63/09 E 59/07 E ALTERAÇÕES",TRANSITAR COM O VEÍCULO COM EXCESSO DE PESO - PBT/PBTC E POR EIXO,65,2020-09-01
EXCESSO DE PESO,SETEMBRO,MS,"LEI 9503/97 LEI 10561/02 RES. CONTRAN Nº 210/06, 211/06 E 258/07 E ALTERAÇÕES PORTARIA DENATRAN 63/09 E 59/07 E ALTERAÇÕES",TRANSITAR COM O VEÍCULO COM EXCESSO DE PESO - POR EIXO,98,2020-09-01
EXCESSO DE PESO,SETEMBRO,RJ,"LEI 9503/97 LEI 10561/02 RES. CONTRAN Nº 210/06, 211/06 E 258/07 E ALTERAÇÕES PORTARIA DENATRAN 63/09 E 59/07 E ALTERAÇÕES",TRANSITAR COM O VEÍCULO COM EXCESSO DE PESO - PBT/PBTC,271,2020-09-01
EXCESSO DE PESO,SETEMBRO,RJ,"LEI 9503/97 LEI 10561/02 RES. CONTRAN Nº 210/06, 211/06 E 258/07 E ALTERAÇÕES PORTARIA DENATRAN 63/09 E 59/07 E ALTERAÇÕES",TRANSITAR COM O VEÍCULO COM EXCESSO DE PESO - PBT/PBTC E POR EIXO,309,2020-09-01
EXCESSO DE PESO,SETEMBRO,RJ,"LEI 9503/97 LEI 10561/02 RES. CONTRAN Nº 210/06, 211/06 E 258/07 E ALTERAÇÕES PORTARIA DENATRAN 63/09 E 59/07 E ALTERAÇÕES",TRANSITAR COM O VEÍCULO COM EXCESSO DE PESO - POR EIXO,2215,2020-09-01
EXCESSO DE PESO,SETEMBRO,RS,"LEI 9503/97 LEI 10561/02 RES. CONTRAN Nº 210/06, 211/06 E 258/07 E ALTERAÇÕES PORTARIA DENATRAN 63/09 E 59/07 E ALTERAÇÕES",TRANSITAR COM O VEÍCULO COM EXCESSO DE PESO - PBT/PBTC,42,2020-09-01
EXCESSO DE PESO,SETEMBRO,RS,"LEI 9503/97 LEI 10561/02 RES. CONTRAN Nº 210/06, 211/06 E 258/07 E ALTERAÇÕES PORTARIA DENATRAN 63/09 E 59/07 E ALTERAÇÕES",TRANSITAR COM O VEÍCULO COM EXCESSO DE PESO - PBT/PBTC E POR EIXO,80,2020-09-01
EXCESSO DE PESO,SETEMBRO,RS,"LEI 9503/97 LEI 10561/02 RES. CONTRAN Nº 210/06, 211/06 E 258/07 E ALTERAÇÕES PORTARIA DENATRAN 63/09 E 59/07 E ALTERAÇÕES",TRANSITAR COM O VEÍCULO COM EXCESSO DE PESO - POR EIXO,598,2020-09-01
EXCESSO DE PESO,SETEMBRO,SC,"LEI 9503/97 LEI 10561/02 RES. CONTRAN Nº 210/06, 211/06 E 258/07 E ALTERAÇÕES PORTARIA DENATRAN 63/09 E 59/07 E ALTERAÇÕES",TRANSITAR COM O VEÍCULO COM EXCESSO DE PESO - PBT/PBTC E POR EIXO,40,2020-09-01
EXCESSO DE PESO,SETEMBRO,SC,"LEI 9503/97 LEI 10561/02 RES. CONTRAN Nº 210/06, 211/06 E 258/07 E ALTERAÇÕES PORTARIA DENATRAN 63/09 E 59/07 E ALTERAÇÕES",TRANSITAR COM O VEÍCULO COM EXCESSO DE PESO - PBT/PBTC,47,2020-09-01
EXCESSO DE PESO,SETEMBRO,SC,"LEI 9503/97 LEI 10561/02 RES. CONTRAN Nº 210/06, 211/06 E 258/07 E ALTERAÇÕES PORTARIA DENATRAN 63/09 E 59/07 E ALTERAÇÕES",TRANSITAR COM O VEÍCULO COM EXCESSO DE PESO - POR EIXO,424,2020-09-01
EXCESSO DE PESO,SETEMBRO,SP,"LEI 9503/97 LEI 10561/02 RES. CONTRAN Nº 210/06, 211/06 E 258/07 E ALTERAÇÕES PORTARIA DENATRAN 63/09 E 59/07 E ALTERAÇÕES",TRANSITAR COM O VEÍCULO COM EXCESSO DE PESO - PBT/PBTC,120,2020-09-01
EXCESSO DE PESO,SETEMBRO,SP,"LEI 9503/97 LEI 10561/02 RES. CONTRAN Nº 210/06, 211/06 E 258/07 E ALTERAÇÕES PORTARIA DENATRAN 63/09 E 59/07 E ALTERAÇÕES",TRANSITAR COM O VEÍCULO COM EXCESSO DE PESO - PBT/PBTC E POR EIXO,164,2020-09-01
EXCESSO DE PESO,SETEMBRO,SP,"LEI 9503/97 LEI 10561/02 RES. CONTRAN Nº 210/06, 211/06 E 258/07 E ALTERAÇÕES PORTARIA DENATRAN 63/09 E 59/07 E ALTERAÇÕES",TRANSITAR COM O VEÍCULO COM EXCESSO DE PESO - POR EIXO,851,2020-09-01
CMT - CAPACIDADE MÁXIMA DE TRAÇÃO,OUTUBRO,ES,"LEI 9503/97 LEI 10561/02 RES. CONTRAN Nº 210/06, 211/06 E 258/07 E ALTERAÇÕES PORTARIA DENATRAN 63/09 E 59/07 E ALTERAÇÕES",TRANSITAR COM O VEÍCULO EXCEDENDO A CMT EM ATÉ 600 KG,1,2020-10-01
CMT - CAPACIDADE MÁXIMA DE TRAÇÃO,OUTUBRO,ES,"LEI 9503/97 LEI 10561/02 RES. CONTRAN Nº 210/06, 211/06 E 258/07 E ALTERAÇÕES PORTARIA DENATRAN 63/09 E 59/07 E ALTERAÇÕES",TRANSITAR COM O VEÍCULO EXCEDENDO A CMT ACIMA DE 1000 KG,4,2020-10-01
CMT - CAPACIDADE MÁXIMA DE TRAÇÃO,OUTUBRO,MG,"LEI 9503/97 LEI 10561/02 RES. CONTRAN Nº 210/06, 211/06 E 258/07 E ALTERAÇÕES PORTARIA DENATRAN 63/09 E 59/07 E ALTERAÇÕES",TRANSITAR COM O VEÍCULO EXCEDENDO A CMT ACIMA DE 1000 KG,2,2020-10-01
CMT - CAPACIDADE MÁXIMA DE TRAÇÃO,OUTUBRO,MS,"LEI 9503/97 LEI 10561/02 RES. CONTRAN Nº 210/06, 211/06 E 258/07 E ALTERAÇÕES PORTARIA DENATRAN 63/09 E 59/07 E ALTERAÇÕES",TRANSITAR COM O VEÍCULO EXCEDENDO A CMT ACIMA DE 1000 KG,2,2020-10-01
CMT - CAPACIDADE MÁXIMA DE TRAÇÃO,OUTUBRO,RJ,"LEI 9503/97 LEI 10561/02 RES. CONTRAN Nº 210/06, 211/06 E 258/07 E ALTERAÇÕES PORTARIA DENATRAN 63/09 E 59/07 E ALTERAÇÕES",TRANSITAR COM O VEÍCULO EXCEDENDO A CMT ENTRE 601 E 1000 KG,2,2020-10-01
CMT - CAPACIDADE MÁXIMA DE TRAÇÃO,OUTUBRO,RJ,"LEI 9503/97 LEI 10561/02 RES. CONTRAN Nº 210/06, 211/06 E 258/07 E ALTERAÇÕES PORTARIA DENATRAN 63/09 E 59/07 E ALTERAÇÕES",TRANSITAR COM O VEÍCULO EXCEDENDO A CMT ACIMA DE 1000 KG,6,2020-10-01
CMT - CAPACIDADE MÁXIMA DE TRAÇÃO,OUTUBRO,RJ,"LEI 9503/97 LEI 10561/02 RES. CONTRAN Nº 210/06, 211/06 E 258/07 E ALTERAÇÕES PORTARIA DENATRAN 63/09 E 59/07 E ALTERAÇÕES",TRANSITAR COM O VEÍCULO EXCEDENDO A CMT EM ATÉ 600 KG,9,2020-10-01
CMT - CAPACIDADE MÁXIMA DE TRAÇÃO,OUTUBRO,SC,"LEI 9503/97 LEI 10561/02 RES. CONTRAN Nº 210/06, 211/06 E 258/07 E ALTERAÇÕES PORTARIA DENATRAN 63/09 E 59/07 E ALTERAÇÕES",TRANSITAR COM O VEÍCULO EXCEDENDO A CMT ACIMA DE 1000 KG,1,2020-10-01
CMT - CAPACIDADE MÁXIMA DE TRAÇÃO,OUTUBRO,SP,"LEI 9503/97 LEI 10561/02 RES. CONTRAN Nº 210/06, 211/06 E 258/07 E ALTERAÇÕES PORTARIA DENATRAN 63/09 E 59/07 E ALTERAÇÕES",TRANSITAR COM O VEÍCULO EXCEDENDO A CMT ACIMA DE 1000 KG,1,2020-10-01
EVASÃO DE BALANÇA,OUTUBRO,ES,"LEI 9503 DE 23/09/1997 TRANSPOR, SEM AUTORIZAÇÃO, BLOQUEIO VIÁRIO COM OU SEM SINALIZAÇÃO OU DISPOSITIVOS AUXILIARES, DEIXAR DE ADENTRAR ÀS ÁREAS DESTINADAS À PESAGEM DE VEÍCULOS OU EVADIR-SE PARA NÃO EFETUAR O PAGAMENTO DO PEDÁGIO.",ART. 209 DEIXAR DE ADENTRAR AS ÁREAS DESTINADAS À PESAGEM DE VEÍCULOS,817,2020-10-01
EVASÃO DE BALANÇA,OUTUBRO,RJ,"LEI 9503 DE 23/09/1997 TRANSPOR, SEM AUTORIZAÇÃO, BLOQUEIO VIÁRIO COM OU SEM SINALIZAÇÃO OU DISPOSITIVOS AUXILIARES, DEIXAR DE ADENTRAR ÀS ÁREAS DESTINADAS À PESAGEM DE VEÍCULOS OU EVADIR-SE PARA NÃO EFETUAR O PAGAMENTO DO PEDÁGIO.",ART. 209 DEIXAR DE ADENTRAR AS ÁREAS DESTINADAS À PESAGEM DE VEÍCULOS,4302,2020-10-01
EVASÃO DE BALANÇA,OUTUBRO,SP,"LEI 9503 DE 23/09/1997 TRANSPOR, SEM AUTORIZAÇÃO, BLOQUEIO VIÁRIO COM OU SEM SINALIZAÇÃO OU DISPOSITIVOS AUXILIARES, DEIXAR DE ADENTRAR ÀS ÁREAS DESTINADAS À PESAGEM DE VEÍCULOS OU EVADIR-SE PARA NÃO EFETUAR O PAGAMENTO DO PEDÁGIO.",ART. 209 DEIXAR DE ADENTRAR AS ÁREAS DESTINADAS À PESAGEM DE VEÍCULOS,1067,2020-10-01
EXCESSO DE PESO,OUTUBRO,ES,"LEI 9503/97 LEI 10561/02 RES. CONTRAN Nº 210/06, 211/06 E 258/07 E ALTERAÇÕES PORTARIA DENATRAN 63/09 E 59/07 E ALTERAÇÕES",TRANSITAR COM O VEÍCULO COM EXCESSO DE PESO - PBT/PBTC,242,2020-10-01
EXCESSO DE PESO,OUTUBRO,ES,"LEI 9503/97 LEI 10561/02 RES. CONTRAN Nº 210/06, 211/06 E 258/07 E ALTERAÇÕES PORTARIA DENATRAN 63/09 E 59/07 E ALTERAÇÕES",TRANSITAR COM O VEÍCULO COM EXCESSO DE PESO - PBT/PBTC E POR EIXO,344,2020-10-01
EXCESSO DE PESO,OUTUBRO,ES,"LEI 9503/97 LEI 10561/02 RES. CONTRAN Nº 210/06, 211/06 E 258/07 E ALTERAÇÕES PORTARIA DENATRAN 63/09 E 59/07 E ALTERAÇÕES",TRANSITAR COM O VEÍCULO COM EXCESSO DE PESO - POR EIXO,2314,2020-10-01
EXCESSO DE PESO,OUTUBRO,GO,"LEI 9503/97 LEI 10561/02 RES. CONTRAN Nº 210/06, 211/06 E 258/07 E ALTERAÇÕES PORTARIA DENATRAN 63/09 E 59/07 E ALTERAÇÕES",TRANSITAR COM O VEÍCULO COM EXCESSO DE PESO - PBT/PBTC E POR EIXO,1,2020-10-01
EXCESSO DE PESO,OUTUBRO,GO,"LEI 9503/97 LEI 10561/02 RES. CONTRAN Nº 210/06, 211/06 E 258/07 E ALTERAÇÕES PORTARIA DENATRAN 63/09 E 59/07 E ALTERAÇÕES",TRANSITAR COM O VEÍCULO COM EXCESSO DE PESO - POR EIXO,4,2020-10-01
EXCESSO DE PESO,OUTUBRO,MG,"LEI 9503/97 LEI 10561/02 RES. CONTRAN Nº 210/06, 211/06 E 258/07 E ALTERAÇÕES PORTARIA DENATRAN 63/09 E 59/07 E ALTERAÇÕES",TRANSITAR COM O VEÍCULO COM EXCESSO DE PESO - PBT/PBTC,81,2020-10-01
EXCESSO DE PESO,OUTUBRO,MG,"LEI 9503/97 LEI 10561/02 RES. CONTRAN Nº 210/06, 211/06 E 258/07 E ALTERAÇÕES PORTARIA DENATRAN 63/09 E 59/07 E ALTERAÇÕES",TRANSITAR COM O VEÍCULO COM EXCESSO DE PESO - PBT/PBTC E POR EIXO,167,2020-10-01
EXCESSO DE PESO,OUTUBRO,MG,"LEI 9503/97 LEI 10561/02 RES. CONTRAN Nº 210/06, 211/06 E 258/07 E ALTERAÇÕES PORTARIA DENATRAN 63/09 E 59/07 E ALTERAÇÕES",TRANSITAR COM O VEÍCULO COM EXCESSO DE PESO - POR EIXO,1040,2020-10-01
EXCESSO DE PESO,OUTUBRO,MS,"LEI 9503/97 LEI 10561/02 RES. CONTRAN Nº 210/06, 211/06 E 258/07 E ALTERAÇÕES PORTARIA DENATRAN 63/09 E 59/07 E ALTERAÇÕES",TRANSITAR COM O VEÍCULO COM EXCESSO DE PESO - PBT/PBTC,12,2020-10-01
EXCESSO DE PESO,OUTUBRO,MS,"LEI 9503/97 LEI 10561/02 RES. CONTRAN Nº 210/06, 211/06 E 258/07 E ALTERAÇÕES PORTARIA DENATRAN 63/09 E 59/07 E ALTERAÇÕES",TRANSITAR COM O VEÍCULO COM EXCESSO DE PESO - PBT/PBTC E POR EIXO,38,2020-10-01
EXCESSO DE PESO,OUTUBRO,MS,"LEI 9503/97 LEI 10561/02 RES. CONTRAN Nº 210/06, 211/06 E 258/07 E ALTERAÇÕES PORTARIA DENATRAN 63/09 E 59/07 E ALTERAÇÕES",TRANSITAR COM O VEÍCULO COM EXCESSO DE PESO - POR EIXO,92,2020-10-01
EXCESSO DE PESO,OUTUBRO,RJ,"LEI 9503/97 LEI 10561/02 RES. CONTRAN Nº 210/06, 211/06 E 258/07 E ALTERAÇÕES PORTARIA DENATRAN 63/09 E 59/07 E ALTERAÇÕES",TRANSITAR COM O VEÍCULO COM EXCESSO DE PESO - PBT/PBTC,395,2020-10-01
EXCESSO DE PESO,OUTUBRO,RJ,"LEI 9503/97 LEI 10561/02 RES. CONTRAN Nº 210/06, 211/06 E 258/07 E ALTERAÇÕES PORTARIA DENATRAN 63/09 E 59/07 E ALTERAÇÕES",TRANSITAR COM O VEÍCULO COM EXCESSO DE PESO - PBT/PBTC E POR EIXO,500,2020-10-01
EXCESSO DE PESO,OUTUBRO,RJ,"LEI 9503/97 LEI 10561/02 RES. CONTRAN Nº 210/06, 211/06 E 258/07 E ALTERAÇÕES PORTARIA DENATRAN 63/09 E 59/07 E ALTERAÇÕES",TRANSITAR COM O VEÍCULO COM EXCESSO DE PESO - POR EIXO,2777,2020-10-01
EXCESSO DE PESO,OUTUBRO,RS,"LEI 9503/97 LEI 10561/02 RES. CONTRAN Nº 210/06, 211/06 E 258/07 E ALTERAÇÕES PORTARIA DENATRAN 63/09 E 59/07 E ALTERAÇÕES",TRANSITAR COM O VEÍCULO COM EXCESSO DE PESO - PBT/PBTC,67,2020-10-01
EXCESSO DE PESO,OUTUBRO,RS,"LEI 9503/97 LEI 10561/02 RES. CONTRAN Nº 210/06, 211/06 E 258/07 E ALTERAÇÕES PORTARIA DENATRAN 63/09 E 59/07 E ALTERAÇÕES",TRANSITAR COM O VEÍCULO COM EXCESSO DE PESO - PBT/PBTC E POR EIXO,101,2020-10-01
EXCESSO DE PESO,OUTUBRO,RS,"LEI 9503/97 LEI 10561/02 RES. CONTRAN Nº 210/06, 211/06 E 258/07 E ALTERAÇÕES PORTARIA DENATRAN 63/09 E 59/07 E ALTERAÇÕES",TRANSITAR COM O VEÍCULO COM EXCESSO DE PESO - POR EIXO,512,2020-10-01
EXCESSO DE PESO,OUTUBRO,SC,"LEI 9503/97 LEI 10561/02 RES. CONTRAN Nº 210/06, 211/06 E 258/07 E ALTERAÇÕES PORTARIA DENATRAN 63/09 E 59/07 E ALTERAÇÕES",TRANSITAR COM O VEÍCULO COM EXCESSO DE PESO - PBT/PBTC,39,2020-10-01
EXCESSO DE PESO,OUTUBRO,SC,"LEI 9503/97 LEI 10561/02 RES. CONTRAN Nº 210/06, 211/06 E 258/07 E ALTERAÇÕES PORTARIA DENATRAN 63/09 E 59/07 E ALTERAÇÕES",TRANSITAR COM O VEÍCULO COM EXCESSO DE PESO - PBT/PBTC E POR EIXO,67,2020-10-01
EXCESSO DE PESO,OUTUBRO,SC,"LEI 9503/97 LEI 10561/02 RES. CONTRAN Nº 210/06, 211/06 E 258/07 E ALTERAÇÕES PORTARIA DENATRAN 63/09 E 59/07 E ALTERAÇÕES",TRANSITAR COM O VEÍCULO COM EXCESSO DE PESO - POR EIXO,596,2020-10-01
EXCESSO DE PESO,OUTUBRO,SP,"LEI 9503/97 LEI 10561/02 RES. CONTRAN Nº 210/06, 211/06 E 258/07 E ALTERAÇÕES PORTARIA DENATRAN 63/09 E 59/07 E ALTERAÇÕES",TRANSITAR COM O VEÍCULO COM EXCESSO DE PESO - PBT/PBTC,115,2020-10-01
EXCESSO DE PESO,OUTUBRO,SP,"LEI 9503/97 LEI 10561/02 RES. CONTRAN Nº 210/06, 211/06 E 258/07 E ALTERAÇÕES PORTARIA DENATRAN 63/09 E 59/07 E ALTERAÇÕES",TRANSITAR COM O VEÍCULO COM EXCESSO DE PESO - PBT/PBTC E POR EIXO,139,2020-10-01
EXCESSO DE PESO,OUTUBRO,SP,"LEI 9503/97 LEI 10561/02 RES. CONTRAN Nº 210/06, 211/06 E 258/07 E ALTERAÇÕES PORTARIA DENATRAN 63/09 E 59/07 E ALTERAÇÕES",TRANSITAR COM O VEÍCULO COM EXCESSO DE PESO - POR EIXO,802,2020-10-01
CMT - CAPACIDADE MÁXIMA DE TRAÇÃO,NOVEMBRO,ES,"LEI 9503/97 LEI 10561/02 RES. CONTRAN Nº 210/06, 211/06 E 258/07 E ALTERAÇÕES PORTARIA DENATRAN 63/09 E 59/07 E ALTERAÇÕES",TRANSITAR COM O VEÍCULO EXCEDENDO A CMT ACIMA DE 1000 KG,2,2020-11-01
CMT - CAPACIDADE MÁXIMA DE TRAÇÃO,NOVEMBRO,MS,"LEI 9503/97 LEI 10561/02 RES. CONTRAN Nº 210/06, 211/06 E 258/07 E ALTERAÇÕES PORTARIA DENATRAN 63/09 E 59/07 E ALTERAÇÕES",TRANSITAR COM O VEÍCULO EXCEDENDO A CMT ACIMA DE 1000 KG,1,2020-11-01
CMT - CAPACIDADE MÁXIMA DE TRAÇÃO,NOVEMBRO,RJ,"LEI 9503/97 LEI 10561/02 RES. CONTRAN Nº 210/06, 211/06 E 258/07 E ALTERAÇÕES PORTARIA DENATRAN 63/09 E 59/07 E ALTERAÇÕES",TRANSITAR COM O VEÍCULO EXCEDENDO A CMT ENTRE 601 E 1000 KG,3,2020-11-01
CMT - CAPACIDADE MÁXIMA DE TRAÇÃO,NOVEMBRO,RJ,"LEI 9503/97 LEI 10561/02 RES. CONTRAN Nº 210/06, 211/06 E 258/07 E ALTERAÇÕES PORTARIA DENATRAN 63/09 E 59/07 E ALTERAÇÕES",TRANSITAR COM O VEÍCULO EXCEDENDO A CMT ACIMA DE 1000 KG,4,2020-11-01
CMT - CAPACIDADE MÁXIMA DE TRAÇÃO,NOVEMBRO,RJ,"LEI 9503/97 LEI 10561/02 RES. CONTRAN Nº 210/06, 211/06 E 258/07 E ALTERAÇÕES PORTARIA DENATRAN 63/09 E 59/07 E ALTERAÇÕES",TRANSITAR COM O VEÍCULO EXCEDENDO A CMT EM ATÉ 600 KG,18,2020-11-01
CMT - CAPACIDADE MÁXIMA DE TRAÇÃO,NOVEMBRO,SP,"LEI 9503/97 LEI 10561/02 RES. CONTRAN Nº 210/06, 211/06 E 258/07 E ALTERAÇÕES PORTARIA DENATRAN 63/09 E 59/07 E ALTERAÇÕES",TRANSITAR COM O VEÍCULO EXCEDENDO A CMT ACIMA DE 1000 KG,1,2020-11-01
EVASÃO DE BALANÇA,NOVEMBRO,ES,"LEI 9503 DE 23/09/1997 TRANSPOR, SEM AUTORIZAÇÃO, BLOQUEIO VIÁRIO COM OU SEM SINALIZAÇÃO OU DISPOSITIVOS AUXILIARES, DEIXAR DE ADENTRAR ÀS ÁREAS DESTINADAS À PESAGEM DE VEÍCULOS OU EVADIR-SE PARA NÃO EFETUAR O PAGAMENTO DO PEDÁGIO.",ART. 209 DEIXAR DE ADENTRAR AS ÁREAS DESTINADAS À PESAGEM DE VEÍCULOS,1130,2020-11-01
EVASÃO DE BALANÇA,NOVEMBRO,RJ,"LEI 9503 DE 23/09/1997 TRANSPOR, SEM AUTORIZAÇÃO, BLOQUEIO VIÁRIO COM OU SEM SINALIZAÇÃO OU DISPOSITIVOS AUXILIARES, DEIXAR DE ADENTRAR ÀS ÁREAS DESTINADAS À PESAGEM DE VEÍCULOS OU EVADIR-SE PARA NÃO EFETUAR O PAGAMENTO DO PEDÁGIO.",ART. 209 DEIXAR DE ADENTRAR AS ÁREAS DESTINADAS À PESAGEM DE VEÍCULOS,8413,2020-11-01
EVASÃO DE BALANÇA,NOVEMBRO,SP,"LEI 9503 DE 23/09/1997 TRANSPOR, SEM AUTORIZAÇÃO, BLOQUEIO VIÁRIO COM OU SEM SINALIZAÇÃO OU DISPOSITIVOS AUXILIARES, DEIXAR DE ADENTRAR ÀS ÁREAS DESTINADAS À PESAGEM DE VEÍCULOS OU EVADIR-SE PARA NÃO EFETUAR O PAGAMENTO DO PEDÁGIO.",ART. 209 DEIXAR DE ADENTRAR AS ÁREAS DESTINADAS À PESAGEM DE VEÍCULOS,733,2020-11-01
EXCESSO DE PESO,NOVEMBRO,ES,"LEI 9503/97 LEI 10561/02 RES. CONTRAN Nº 210/06, 211/06 E 258/07 E ALTERAÇÕES PORTARIA DENATRAN 63/09 E 59/07 E ALTERAÇÕES",TRANSITAR COM O VEÍCULO COM EXCESSO DE PESO - PBT/PBTC,163,2020-11-01
EXCESSO DE PESO,NOVEMBRO,ES,"LEI 9503/97 LEI 10561/02 RES. CONTRAN Nº 210/06, 211/06 E 258/07 E ALTERAÇÕES PORTARIA DENATRAN 63/09 E 59/07 E ALTERAÇÕES",TRANSITAR COM O VEÍCULO COM EXCESSO DE PESO - PBT/PBTC E POR EIXO,249,2020-11-01
EXCESSO DE PESO,NOVEMBRO,ES,"LEI 9503/97 LEI 10561/02 RES. CONTRAN Nº 210/06, 211/06 E 258/07 E ALTERAÇÕES PORTARIA DENATRAN 63/09 E 59/07 E ALTERAÇÕES",TRANSITAR COM O VEÍCULO COM EXCESSO DE PESO - POR EIXO,2030,2020-11-01
EXCESSO DE PESO,NOVEMBRO,MG,"LEI 9503/97 LEI 10561/02 RES. CONTRAN Nº 210/06, 211/06 E 258/07 E ALTERAÇÕES PORTARIA DENATRAN 63/09 E 59/07 E ALTERAÇÕES",TRANSITAR COM O VEÍCULO COM EXCESSO DE PESO - PBT/PBTC,88,2020-11-01
EXCESSO DE PESO,NOVEMBRO,MG,"LEI 9503/97 LEI 10561/02 RES. CONTRAN Nº 210/06, 211/06 E 258/07 E ALTERAÇÕES PORTARIA DENATRAN 63/09 E 59/07 E ALTERAÇÕES",TRANSITAR COM O VEÍCULO COM EXCESSO DE PESO - PBT/PBTC E POR EIXO,192,2020-11-01
EXCESSO DE PESO,NOVEMBRO,MG,"LEI 9503/97 LEI 10561/02 RES. CONTRAN Nº 210/06, 211/06 E 258/07 E ALTERAÇÕES PORTARIA DENATRAN 63/09 E 59/07 E ALTERAÇÕES",TRANSITAR COM O VEÍCULO COM EXCESSO DE PESO - POR EIXO,1163,2020-11-01
EXCESSO DE PESO,NOVEMBRO,MS,"LEI 9503/97 LEI 10561/02 RES. CONTRAN Nº 210/06, 211/06 E 258/07 E ALTERAÇÕES PORTARIA DENATRAN 63/09 E 59/07 E ALTERAÇÕES",TRANSITAR COM O VEÍCULO COM EXCESSO DE PESO - PBT/PBTC,7,2020-11-01
EXCESSO DE PESO,NOVEMBRO,MS,"LEI 9503/97 LEI 10561/02 RES. CONTRAN Nº 210/06, 211/06 E 258/07 E ALTERAÇÕES PORTARIA DENATRAN 63/09 E 59/07 E ALTERAÇÕES",TRANSITAR COM O VEÍCULO COM EXCESSO DE PESO - PBT/PBTC E POR EIXO,46,2020-11-01
EXCESSO DE PESO,NOVEMBRO,MS,"LEI 9503/97 LEI 10561/02 RES. CONTRAN Nº 210/06, 211/06 E 258/07 E ALTERAÇÕES PORTARIA DENATRAN 63/09 E 59/07 E ALTERAÇÕES",TRANSITAR COM O VEÍCULO COM EXCESSO DE PESO - POR EIXO,96,2020-11-01
EXCESSO DE PESO,NOVEMBRO,RJ,"LEI 9503/97 LEI 10561/02 RES. CONTRAN Nº 210/06, 211/06 E 258/07 E ALTERAÇÕES PORTARIA DENATRAN 63/09 E 59/07 E ALTERAÇÕES",TRANSITAR COM O VEÍCULO COM EXCESSO DE PESO - PBT/PBTC,439,2020-11-01
EXCESSO DE PESO,NOVEMBRO,RJ,"LEI 9503/97 LEI 10561/02 RES. CONTRAN Nº 210/06, 211/06 E 258/07 E ALTERAÇÕES PORTARIA DENATRAN 63/09 E 59/07 E ALTERAÇÕES",TRANSITAR COM O VEÍCULO COM EXCESSO DE PESO - PBT/PBTC E POR EIXO,512,2020-11-01
EXCESSO DE PESO,NOVEMBRO,RJ,"LEI 9503/97 LEI 10561/02 RES. CONTRAN Nº 210/06, 211/06 E 258/07 E ALTERAÇÕES PORTARIA DENATRAN 63/09 E 59/07 E ALTERAÇÕES",TRANSITAR COM O VEÍCULO COM EXCESSO DE PESO - POR EIXO,4101,2020-11-01
EXCESSO DE PESO,NOVEMBRO,RS,"LEI 9503/97 LEI 10561/02 RES. CONTRAN Nº 210/06, 211/06 E 258/07 E ALTERAÇÕES PORTARIA DENATRAN 63/09 E 59/07 E ALTERAÇÕES",TRANSITAR COM O VEÍCULO COM EXCESSO DE PESO - PBT/PBTC,62,2020-11-01
EXCESSO DE PESO,NOVEMBRO,RS,"LEI 9503/97 LEI 10561/02 RES. CONTRAN Nº 210/06, 211/06 E 258/07 E ALTERAÇÕES PORTARIA DENATRAN 63/09 E 59/07 E ALTERAÇÕES",TRANSITAR COM O VEÍCULO COM EXCESSO DE PESO - PBT/PBTC E POR EIXO,81,2020-11-01
EXCESSO DE PESO,NOVEMBRO,RS,"LEI 9503/97 LEI 10561/02 RES. CONTRAN Nº 210/06, 211/06 E 258/07 E ALTERAÇÕES PORTARIA DENATRAN 63/09 E 59/07 E ALTERAÇÕES",TRANSITAR COM O VEÍCULO COM EXCESSO DE PESO - POR EIXO,683,2020-11-01
EXCESSO DE PESO,NOVEMBRO,SC,"LEI 9503/97 LEI 10561/02 RES. CONTRAN Nº 210/06, 211/06 E 258/07 E ALTERAÇÕES PORTARIA DENATRAN 63/09 E 59/07 E ALTERAÇÕES",TRANSITAR COM O VEÍCULO COM EXCESSO DE PESO - PBT/PBTC,41,2020-11-01
EXCESSO DE PESO,NOVEMBRO,SC,"LEI 9503/97 LEI 10561/02 RES. CONTRAN Nº 210/06, 211/06 E 258/07 E ALTERAÇÕES PORTARIA DENATRAN 63/09 E 59/07 E ALTERAÇÕES",TRANSITAR COM O VEÍCULO COM EXCESSO DE PESO - PBT/PBTC E POR EIXO,121,2020-11-01
EXCESSO DE PESO,NOVEMBRO,SC,"LEI 9503/97 LEI 10561/02 RES. CONTRAN Nº 210/06, 211/06 E 258/07 E ALTERAÇÕES PORTARIA DENATRAN 63/09 E 59/07 E ALTERAÇÕES",TRANSITAR COM O VEÍCULO COM EXCESSO DE PESO - POR EIXO,561,2020-11-01
EXCESSO DE PESO,NOVEMBRO,SP,"LEI 9503/97 LEI 10561/02 RES. CONTRAN Nº 210/06, 211/06 E 258/07 E ALTERAÇÕES PORTARIA DENATRAN 63/09 E 59/07 E ALTERAÇÕES",TRANSITAR COM O VEÍCULO COM EXCESSO DE PESO - PBT/PBTC,96,2020-11-01
EXCESSO DE PESO,NOVEMBRO,SP,"LEI 9503/97 LEI 10561/02 RES. CONTRAN Nº 210/06, 211/06 E 258/07 E ALTERAÇÕES PORTARIA DENATRAN 63/09 E 59/07 E ALTERAÇÕES",TRANSITAR COM O VEÍCULO COM EXCESSO DE PESO - PBT/PBTC E POR EIXO,131,2020-11-01
EXCESSO DE PESO,NOVEMBRO,SP,"LEI 9503/97 LEI 10561/02 RES. CONTRAN Nº 210/06, 211/06 E 258/07 E ALTERAÇÕES PORTARIA DENATRAN 63/09 E 59/07 E ALTERAÇÕES",TRANSITAR COM O VEÍCULO COM EXCESSO DE PESO - POR EIXO,756,2020-11-01
CMT - CAPACIDADE MÁXIMA DE TRAÇÃO,DEZEMBRO,ES,"LEI 9503/97 LEI 10561/02 RES. CONTRAN Nº 210/06, 211/06 E 258/07 E ALTERAÇÕES PORTARIA DENATRAN 63/09 E 59/07 E ALTERAÇÕES",TRANSITAR COM O VEÍCULO EXCEDENDO A CMT ACIMA DE 1000 KG,3,2020-12-01
CMT - CAPACIDADE MÁXIMA DE TRAÇÃO,DEZEMBRO,MG,"LEI 9503/97 LEI 10561/02 RES. CONTRAN Nº 210/06, 211/06 E 258/07 E ALTERAÇÕES PORTARIA DENATRAN 63/09 E 59/07 E ALTERAÇÕES",TRANSITAR COM O VEÍCULO EXCEDENDO A CMT ACIMA DE 1000 KG,1,2020-12-01
CMT - CAPACIDADE MÁXIMA DE TRAÇÃO,DEZEMBRO,MS,"LEI 9503/97 LEI 10561/02 RES. CONTRAN Nº 210/06, 211/06 E 258/07 E ALTERAÇÕES PORTARIA DENATRAN 63/09 E 59/07 E ALTERAÇÕES",TRANSITAR COM O VEÍCULO EXCEDENDO A CMT ACIMA DE 1000 KG,4,2020-12-01
CMT - CAPACIDADE MÁXIMA DE TRAÇÃO,DEZEMBRO,RJ,"LEI 9503/97 LEI 10561/02 RES. CONTRAN Nº 210/06, 211/06 E 258/07 E ALTERAÇÕES PORTARIA DENATRAN 63/09 E 59/07 E ALTERAÇÕES",TRANSITAR COM O VEÍCULO EXCEDENDO A CMT ENTRE 601 E 1000 KG,1,2020-12-01
CMT - CAPACIDADE MÁXIMA DE TRAÇÃO,DEZEMBRO,RJ,"LEI 9503/97 LEI 10561/02 RES. CONTRAN Nº 210/06, 211/06 E 258/07 E ALTERAÇÕES PORTARIA DENATRAN 63/09 E 59/07 E ALTERAÇÕES",TRANSITAR COM O VEÍCULO EXCEDENDO A CMT ACIMA DE 1000 KG,3,2020-12-01
CMT - CAPACIDADE MÁXIMA DE TRAÇÃO,DEZEMBRO,RJ,"LEI 9503/97 LEI 10561/02 RES. CONTRAN Nº 210/06, 211/06 E 258/07 E ALTERAÇÕES PORTARIA DENATRAN 63/09 E 59/07 E ALTERAÇÕES",TRANSITAR COM O VEÍCULO EXCEDENDO A CMT EM ATÉ 600 KG,4,2020-12-01
CMT - CAPACIDADE MÁXIMA DE TRAÇÃO,DEZEMBRO,RS,"LEI 9503/97 LEI 10561/02 RES. CONTRAN Nº 210/06, 211/06 E 258/07 E ALTERAÇÕES PORTARIA DENATRAN 63/09 E 59/07 E ALTERAÇÕES",TRANSITAR COM O VEÍCULO EXCEDENDO A CMT ACIMA DE 1000 KG,2,2020-12-01
CMT - CAPACIDADE MÁXIMA DE TRAÇÃO,DEZEMBRO,SC,"LEI 9503/97 LEI 10561/02 RES. CONTRAN Nº 210/06, 211/06 E 258/07 E ALTERAÇÕES PORTARIA DENATRAN 63/09 E 59/07 E ALTERAÇÕES",TRANSITAR COM O VEÍCULO EXCEDENDO A CMT ACIMA DE 1000 KG,1,2020-12-01
CMT - CAPACIDADE MÁXIMA DE TRAÇÃO,DEZEMBRO,SP,"LEI 9503/97 LEI 10561/02 RES. CONTRAN Nº 210/06, 211/06 E 258/07 E ALTERAÇÕES PORTARIA DENATRAN 63/09 E 59/07 E ALTERAÇÕES",TRANSITAR COM O VEÍCULO EXCEDENDO A CMT ACIMA DE 1000 KG,1,2020-12-01
EVASÃO DE BALANÇA,DEZEMBRO,ES,"LEI 9503 DE 23/09/1997 TRANSPOR, SEM AUTORIZAÇÃO, BLOQUEIO VIÁRIO COM OU SEM SINALIZAÇÃO OU DISPOSITIVOS AUXILIARES, DEIXAR DE ADENTRAR ÀS ÁREAS DESTINADAS À PESAGEM DE VEÍCULOS OU EVADIR-SE PARA NÃO EFETUAR O PAGAMENTO DO PEDÁGIO.",ART. 209 DEIXAR DE ADENTRAR AS ÁREAS DESTINADAS À PESAGEM DE VEÍCULOS,727,2020-12-01
EVASÃO DE BALANÇA,DEZEMBRO,RJ,"LEI 9503 DE 23/09/1997 TRANSPOR, SEM AUTORIZAÇÃO, BLOQUEIO VIÁRIO COM OU SEM SINALIZAÇÃO OU DISPOSITIVOS AUXILIARES, DEIXAR DE ADENTRAR ÀS ÁREAS DESTINADAS À PESAGEM DE VEÍCULOS OU EVADIR-SE PARA NÃO EFETUAR O PAGAMENTO DO PEDÁGIO.",ART. 209 DEIXAR DE ADENTRAR AS ÁREAS DESTINADAS À PESAGEM DE VEÍCULOS,6186,2020-12-01
EVASÃO DE BALANÇA,DEZEMBRO,SP,"LEI 9503 DE 23/09/1997 TRANSPOR, SEM AUTORIZAÇÃO, BLOQUEIO VIÁRIO COM OU SEM SINALIZAÇÃO OU DISPOSITIVOS AUXILIARES, DEIXAR DE ADENTRAR ÀS ÁREAS DESTINADAS À PESAGEM DE VEÍCULOS OU EVADIR-SE PARA NÃO EFETUAR O PAGAMENTO DO PEDÁGIO.",ART. 209 DEIXAR DE ADENTRAR AS ÁREAS DESTINADAS À PESAGEM DE VEÍCULOS,105,2020-12-01
EXCESSO DE PESO,DEZEMBRO,ES,"LEI 9503/97 LEI 10561/02 RES. CONTRAN Nº 210/06, 211/06 E 258/07 E ALTERAÇÕES PORTARIA DENATRAN 63/09 E 59/07 E ALTERAÇÕES",TRANSITAR COM O VEÍCULO COM EXCESSO DE PESO - PBT/PBTC,132,2020-12-01
EXCESSO DE PESO,DEZEMBRO,ES,"LEI 9503/97 LEI 10561/02 RES. CONTRAN Nº 210/06, 211/06 E 258/07 E ALTERAÇÕES PORTARIA DENATRAN 63/09 E 59/07 E ALTERAÇÕES",TRANSITAR COM O VEÍCULO COM EXCESSO DE PESO - PBT/PBTC E POR EIXO,217,2020-12-01
EXCESSO DE PESO,DEZEMBRO,ES,"LEI 9503/97 LEI 10561/02 RES. CONTRAN Nº 210/06, 211/06 E 258/07 E ALTERAÇÕES PORTARIA DENATRAN 63/09 E 59/07 E ALTERAÇÕES",TRANSITAR COM O VEÍCULO COM EXCESSO DE PESO - POR EIXO,1766,2020-12-01
EXCESSO DE PESO,DEZEMBRO,MG,"LEI 9503/97 LEI 10561/02 RES. CONTRAN Nº 210/06, 211/06 E 258/07 E ALTERAÇÕES PORTARIA DENATRAN 63/09 E 59/07 E ALTERAÇÕES",TRANSITAR COM O VEÍCULO COM EXCESSO DE PESO - PBT/PBTC,86,2020-12-01
EXCESSO DE PESO,DEZEMBRO,MG,"LEI 9503/97 LEI 10561/02 RES. CONTRAN Nº 210/06, 211/06 E 258/07 E ALTERAÇÕES PORTARIA DENATRAN 63/09 E 59/07 E ALTERAÇÕES",TRANSITAR COM O VEÍCULO COM EXCESSO DE PESO - PBT/PBTC E POR EIXO,157,2020-12-01
EXCESSO DE PESO,DEZEMBRO,MG,"LEI 9503/97 LEI 10561/02 RES. CONTRAN Nº 210/06, 211/06 E 258/07 E ALTERAÇÕES PORTARIA DENATRAN 63/09 E 59/07 E ALTERAÇÕES",TRANSITAR COM O VEÍCULO COM EXCESSO DE PESO - POR EIXO,986,2020-12-01
EXCESSO DE PESO,DEZEMBRO,MS,"LEI 9503/97 LEI 10561/02 RES. CONTRAN Nº 210/06, 211/06 E 258/07 E ALTERAÇÕES PORTARIA DENATRAN 63/09 E 59/07 E ALTERAÇÕES",TRANSITAR COM O VEÍCULO COM EXCESSO DE PESO - PBT/PBTC,6,2020-12-01
EXCESSO DE PESO,DEZEMBRO,MS,"LEI 9503/97 LEI 10561/02 RES. CONTRAN Nº 210/06, 211/06 E 258/07 E ALTERAÇÕES PORTARIA DENATRAN 63/09 E 59/07 E ALTERAÇÕES",TRANSITAR COM O VEÍCULO COM EXCESSO DE PESO - PBT/PBTC E POR EIXO,51,2020-12-01
EXCESSO DE PESO,DEZEMBRO,MS,"LEI 9503/97 LEI 10561/02 RES. CONTRAN Nº 210/06, 211/06 E 258/07 E ALTERAÇÕES PORTARIA DENATRAN 63/09 E 59/07 E ALTERAÇÕES",TRANSITAR COM O VEÍCULO COM EXCESSO DE PESO - POR EIXO,96,2020-12-01
EXCESSO DE PESO,DEZEMBRO,PR,"LEI 9503/97 LEI 10561/02 RES. CONTRAN Nº 210/06, 211/06 E 258/07 E ALTERAÇÕES PORTARIA DENATRAN 63/09 E 59/07 E ALTERAÇÕES",TRANSITAR COM O VEÍCULO COM EXCESSO DE PESO - PBT/PBTC,1,2020-12-01
EXCESSO DE PESO,DEZEMBRO,RJ,"LEI 9503/97 LEI 10561/02 RES. CONTRAN Nº 210/06, 211/06 E 258/07 E ALTERAÇÕES PORTARIA DENATRAN 63/09 E 59/07 E ALTERAÇÕES",TRANSITAR COM O VEÍCULO COM EXCESSO DE PESO - PBT/PBTC,304,2020-12-01
EXCESSO DE PESO,DEZEMBRO,RJ,"LEI 9503/97 LEI 10561/02 RES. CONTRAN Nº 210/06, 211/06 E 258/07 E ALTERAÇÕES PORTARIA DENATRAN 63/09 E 59/07 E ALTERAÇÕES",TRANSITAR COM O VEÍCULO COM EXCESSO DE PESO - PBT/PBTC E POR EIXO,337,2020-12-01
EXCESSO DE PESO,DEZEMBRO,RJ,"LEI 9503/97 LEI 10561/02 RES. CONTRAN Nº 210/06, 211/06 E 258/07 E ALTERAÇÕES PORTARIA DENATRAN 63/09 E 59/07 E ALTERAÇÕES",TRANSITAR COM O VEÍCULO COM EXCESSO DE PESO - POR EIXO,2717,2020-12-01
EXCESSO DE PESO,DEZEMBRO,RS,"LEI 9503/97 LEI 10561/02 RES. CONTRAN Nº 210/06, 211/06 E 258/07 E ALTERAÇÕES PORTARIA DENATRAN 63/09 E 59/07 E ALTERAÇÕES",TRANSITAR COM O VEÍCULO COM EXCESSO DE PESO - PBT/PBTC,33,2020-12-01
EXCESSO DE PESO,DEZEMBRO,RS,"LEI 9503/97 LEI 10561/02 RES. CONTRAN Nº 210/06, 211/06 E 258/07 E ALTERAÇÕES PORTARIA DENATRAN 63/09 E 59/07 E ALTERAÇÕES",TRANSITAR COM O VEÍCULO COM EXCESSO DE PESO - PBT/PBTC E POR EIXO,41,2020-12-01
EXCESSO DE PESO,DEZEMBRO,RS,"LEI 9503/97 LEI 10561/02 RES. CONTRAN Nº 210/06, 211/06 E 258/07 E ALTERAÇÕES PORTARIA DENATRAN 63/09 E 59/07 E ALTERAÇÕES",TRANSITAR COM O VEÍCULO COM EXCESSO DE PESO - POR EIXO,328,2020-12-01
EXCESSO DE PESO,DEZEMBRO,SC,"LEI 9503/97 LEI 10561/02 RES. CONTRAN Nº 210/06, 211/06 E 258/07 E ALTERAÇÕES PORTARIA DENATRAN 63/09 E 59/07 E ALTERAÇÕES",TRANSITAR COM O VEÍCULO COM EXCESSO DE PESO - PBT/PBTC,56,2020-12-01
EXCESSO DE PESO,DEZEMBRO,SC,"LEI 9503/97 LEI 10561/02 RES. CONTRAN Nº 210/06, 211/06 E 258/07 E ALTERAÇÕES PORTARIA DENATRAN 63/09 E 59/07 E ALTERAÇÕES",TRANSITAR COM O VEÍCULO COM EXCESSO DE PESO - PBT/PBTC E POR EIXO,105,2020-12-01
EXCESSO DE PESO,DEZEMBRO,SC,"LEI 9503/97 LEI 10561/02 RES. CONTRAN Nº 210/06, 211/06 E 258/07 E ALTERAÇÕES PORTARIA DENATRAN 63/09 E 59/07 E ALTERAÇÕES",TRANSITAR COM O VEÍCULO COM EXCESSO DE PESO - POR EIXO,516,2020-12-01
EXCESSO DE PESO,DEZEMBRO,SP,"LEI 9503/97 LEI 10561/02 RES. CONTRAN Nº 210/06, 211/06 E 258/07 E ALTERAÇÕES PORTARIA DENATRAN 63/09 E 59/07 E ALTERAÇÕES",TRANSITAR COM O VEÍCULO COM EXCESSO DE PESO - PBT/PBTC,37,2020-12-01
EXCESSO DE PESO,DEZEMBRO,SP,"LEI 9503/97 LEI 10561/02 RES. CONTRAN Nº 210/06, 211/06 E 258/07 E ALTERAÇÕES PORTARIA DENATRAN 63/09 E 59/07 E ALTERAÇÕES",TRANSITAR COM O VEÍCULO COM EXCESSO DE PESO - PBT/PBTC E POR EIXO,42,2020-12-01
EXCESSO DE PESO,DEZEMBRO,SP,"LEI 9503/97 LEI 10561/02 RES. CONTRAN Nº 210/06, 211/06 E 258/07 E ALTERAÇÕES PORTARIA DENATRAN 63/09 E 59/07 E ALTERAÇÕES",TRANSITAR COM O VEÍCULO COM EXCESSO DE PESO - POR EIXO,408,2020-12-01
